participant,word,category,subcluster,passive_closeness,active_closeness,pleasantness,commitment,intimacy,difficulty,self_contribution,other_contribution,IOS
1,Enigma,Abstract ,PS,88.27,88.09,99.09,72.55,99.55,14.09,51.82,53.73,5
1,Inizio,Abstract ,PSTQ,84.27,81.91,90.64,77.64,97.82,39.82,52.55,53.36,5
1,Libreria,Concrete ,Conc_in,73.36,75.36,73.18,55.82,69.73,40,48.45,50.09,3
1,Pescatore,Concrete ,Conc_an,88.64,86.36,97.09,56.55,92.55,20.18,44.73,55,5
1,Scherzo,Abstract ,EM,83.27,76.18,82.73,96.45,68.09,48.36,49,49.45,4
1,Scoperta ,Abstract ,SS,86.27,86,66.45,49.64,64.45,53.09,43.73,68.64,5
1,Specchio,Concrete ,Conc_in,75.73,83.64,71.18,60.91,79.09,50.73,52.91,52.82,4
1,Zucca,Concrete ,Conc_an,81.73,85.18,72.18,53.27,69.27,36.73,49.73,49.91,3
2,Enigma,Abstract ,PS,86.64,85.18,88.91,73.27,59.73,10.64,86.73,97,5
2,Inizio,Abstract ,PSTQ,69.73,69.64,71.73,68,48,17.27,83.73,76.36,3
2,Libreria,Concrete ,Conc_in,68.82,74,87.45,82.18,66.36,19.09,68.45,83.55,4
2,Pescatore,Concrete ,Conc_an,74.18,67,54.36,72.91,83.73,45.55,71.64,74.64,4
2,Scherzo,Abstract ,EM,66.45,73.64,75,83.55,55.27,12.09,76.64,88.09,5
2,Scoperta ,Abstract ,SS,78.27,81.82,84.64,71.27,77.45,36.91,82.36,83.55,5
2,Specchio,Concrete ,Conc_in,78.45,83.91,80.55,66.36,90.36,27.09,75.09,89.09,5
2,Zucca,Concrete ,Conc_an,67.73,70.55,62.36,66.09,54.18,34.82,61.36,70.45,4
3,Enigma,Abstract ,PS,83.45,80.45,76.73,57.91,31.64,9.55,57.27,56.82,4
3,Inizio,Abstract ,PSTQ,85.91,81.91,88.09,73.82,67.45,13.09,63.55,58.82,4
3,Libreria,Concrete ,Conc_in,79.36,79.73,89.18,40.73,23.45,2,54.91,57.64,4
3,Pescatore,Concrete ,Conc_an,82.91,80.36,89.36,83.45,68.82,6.09,73.18,75.45,5
3,Scherzo,Abstract ,EM,85.55,80.18,62,87.91,73.18,59.27,57.82,38.45,5
3,Scoperta ,Abstract ,SS,86.55,81.91,76.45,62.27,99.73,6.64,64.09,41.18,4
3,Specchio,Concrete ,Conc_in,81.45,80.18,82.36,69.55,74.18,7.82,56.45,60,4
3,Zucca,Concrete ,Conc_an,80.18,81.64,81.36,65.55,20.18,6.45,58.45,59.09,4
4,Enigma,Abstract ,PS,47.45,41.82,89.82,83.45,93.18,5,86.18,86.27,3
4,Inizio,Abstract ,PSTQ,49.18,37.91,77.27,76.36,84.45,12.27,82.18,89.82,3
4,Libreria,Concrete ,Conc_in,32.18,29.27,74.18,84.09,60.45,7.09,76.09,86.73,2
4,Pescatore,Concrete ,Conc_an,44.64,41,74.55,59.82,79.27,9.45,70.45,91.91,3
4,Scherzo,Abstract ,EM,36.73,31.36,66.55,60.27,57.18,68.18,68,75.64,2
4,Scoperta ,Abstract ,SS,49.18,47.73,91.27,90.55,93.55,8.18,81.91,96.27,4
4,Specchio,Concrete ,Conc_in,49,41.18,86.27,86.55,90.09,5.82,78.36,89.64,3
4,Zucca,Concrete ,Conc_an,49.18,39.73,83.45,60.36,85.73,6.18,72.27,84.09,3
5,Enigma ,Abstract,PS,75.27,71.36,58.82,47.91,35.91,36.36,59.64,66.73,5
5,Inizio,Abstract,PSTQ,78.82,75.45,80.09,76.82,78.18,57.91,72.18,84.64,5
5,Libreria,Concrete,Conc_in,70.45,68.09,78.73,82.73,64.45,28.45,91.55,56.45,4
5,Pescatore,Concrete,Conc_an,64.82,72.09,63.55,46.18,48.55,50.55,69.45,65.73,4
5,Scherzo ,Abstract,EM,77.09,76.36,73.91,74.45,59.09,40.09,76,72.09,5
5,Scoperta,Abstract,SS,78.91,77.73,66.73,71.36,51.55,30.45,68,79.36,5
5,Specchio,Concrete,Conc_in,74,77.82,78.45,83.18,84.09,68.09,76,81.73,5
5,Zucca,Concrete,Conc_an,71.91,68.55,51.82,42.36,47.45,49.55,67.73,66,4
6,Enigma ,Abstract,PS,80.36,75.64,55.55,82.91,70,67.09,73.18,79.82,3
6,Inizio,Abstract,PSTQ,83.45,57.82,58.91,84.36,76.18,59.36,76,73.36,2
6,Libreria,Concrete,Conc_in,78.64,69.64,80.45,85.91,19.36,56.36,72.82,59.91,4
6,Pescatore,Concrete,Conc_an,84.36,79.64,50.55,75.73,11,59.27,84.36,80.36,4
6,Scherzo ,Abstract,EM,78.27,77.45,52.36,82.64,16.36,12.82,84.45,83,4
6,Scoperta,Abstract,SS,80.09,76.55,85.55,79.27,11.27,14.64,78.36,76.18,4
6,Specchio,Concrete,Conc_in,69.73,69.64,71.73,68,48,17.27,83.73,76.36,5
6,Zucca,Concrete,Conc_an,81.18,78.36,34.73,61.82,11,83.09,77.45,76.55,4
7,Enigma ,Abstract,PS,54.55,53.27,65.91,82.64,93,54.73,82.18,75.18,1
7,Inizio,Abstract,PSTQ,70,62.27,76.18,87.27,97.18,34,93.36,93.73,2
7,Libreria,Concrete,Conc_in,90.27,91.27,96.64,97.45,96.91,3.27,97.27,97.55,3
7,Pescatore,Concrete,Conc_an,77.55,67.64,81.82,92.91,90.27,35.09,91.18,95.91,2
7,Scherzo ,Abstract,EM,73.82,73.18,78.82,86.36,85.64,27.27,86.18,95,2
7,Scoperta,Abstract,SS,82.91,83.73,89.27,93.09,97.45,11.73,95.36,85.73,3
7,Specchio,Concrete,Conc_in,70.09,68.27,71.09,82.91,51.91,37.82,87.91,89.45,2
7,Zucca,Concrete,Conc_an,78.27,73.82,94.91,96.91,96.36,4.18,95.55,86.55,2
8,Enigma ,Abstract,PS,14.91,16.36,32.27,83.27,97.55,25.45,97.55,94.45,2
8,Inizio,Abstract,PSTQ,13.45,9.45,25.64,71.09,92.64,6.91,85.09,65.45,2
8,Libreria,Concrete,Conc_in,0.45,0.18,0.09,58.45,99.55,1.18,64.91,65,1
8,Pescatore,Concrete,Conc_an,1.91,1.27,1,69.09,98.82,2.09,88.27,73.73,1
8,Scherzo ,Abstract,EM,13.55,13.27,40.18,80.27,95.36,72.36,87.55,27.64,2
8,Scoperta,Abstract,SS,10.09,6.73,19.91,66.27,96.09,3.91,85.27,12.55,2
8,Specchio,Concrete,Conc_in,1,0.73,38,78.91,99.45,2.73,99.64,9.55,1
8,Zucca,Concrete,Conc_an,1.27,1.27,4.09,14.55,13.55,1.09,11.45,86.36,1
9,Enigma ,Abstract,PS,92.36,91.36,89.45,90,6.45,85.09,97.64,97.18,4
9,Inizio,Abstract,PSTQ,96.64,96.82,93.82,99.64,78.64,10.45,99.45,99.18,5
9,Libreria,Concrete,Conc_in,94.82,94.27,90,98.91,31.91,31.36,99.82,94.91,4
9,Pescatore,Concrete,Conc_an,95.18,94.73,91.27,99.45,87.45,5.55,99.91,81.82,5
9,Scherzo ,Abstract,EM,92.91,92,68.64,90,47.09,44.73,87.64,58.36,5
9,Scoperta,Abstract,SS,90.73,89.64,92.18,96,3.73,23.64,83.45,76.55,4
9,Specchio,Concrete,Conc_in,95.64,94.55,91.91,98,91.09,5.73,97.64,98.64,5
9,Zucca,Concrete,Conc_an,91.18,89.91,94.36,95.55,17.82,0.82,99.91,89.09,5
10,Enigma ,Abstract,PS,88.18,84.18,24.82,89.18,79.64,1.36,74.91,51,1
10,Inizio,Abstract,PSTQ,89.55,86.55,76.64,94.36,85.09,2.36,83.91,84.91,3
10,Libreria,Concrete,Conc_in,83.73,74.82,70.82,80.36,69.27,6.36,75.82,9.91,2
10,Pescatore,Concrete,Conc_an,87.91,84.45,80.27,92.91,96.27,6.27,74.27,73.64,2
10,Scherzo ,Abstract,EM,90.55,88.09,60.82,82.36,93.36,13.09,63.82,72,2
10,Scoperta,Abstract,SS,82.18,73.18,36.64,84.45,81.91,5,73.91,40.36,2
10,Specchio,Concrete,Conc_in,88.18,82,48.91,85.82,95,4.64,72.27,18.55,2
10,Zucca,Concrete,Conc_an,76.82,66.91,12.27,68.36,93.91,5.45,79.55,22,2
11,Enigma ,Abstract,PS,80.64,79.27,89.73,56.64,82.55,60.82,48.45,50.82,4
11,Inizio,Abstract,PSTQ,65.91,66.64,74.36,76.18,79.18,22,47.73,51.45,3
11,Libreria,Concrete,Conc_in,80,82.82,97.27,94.27,81.36,26,76.45,79.36,4
11,Pescatore,Concrete,Conc_an,73.64,73.91,74.18,75.36,74.27,31,68.45,69.73,4
11,Scherzo ,Abstract,EM,42.18,42.91,96,97.36,87.55,40,60.91,51.09,3
11,Scoperta,Abstract,SS,30.91,43.82,64.09,74.18,99.45,71.27,71.27,75.45,1
11,Specchio,Concrete,Conc_in,85.55,90.27,98.73,96.18,99.18,4.18,96.09,93.82,5
11,Zucca,Concrete,Conc_an,50.91,50.55,60.91,50.09,61.64,53.45,53.55,54.73,2
12,Enigma ,Abstract,PS,83.09,72.18,84.09,79.09,75.64,4.82,48.91,48,3
12,Inizio,Abstract,PSTQ,78.73,76.55,80.82,81.91,72.73,2.09,50,49.09,2
12,Libreria,Concrete,Conc_in,78.64,78.64,63.36,66.73,51.91,25.36,22.55,72.91,2
12,Pescatore,Concrete,Conc_an,69.91,71.64,55.09,56.18,50.73,23.45,49.27,49,1
12,Scherzo ,Abstract,EM,78.27,66.36,64.18,73.55,62.18,8.18,49.64,50.18,2
12,Scoperta,Abstract,SS,82.09,73,78.27,75.64,66.18,18.09,50.91,51.09,2
12,Specchio,Concrete,Conc_in,79.55,75.36,50.45,62.27,44.18,41.27,36.73,66.55,1
12,Zucca,Concrete,Conc_an,80.36,78,73.27,74.73,68.91,17,52,52.36,3
13,Enigma ,Abstract,PS,75.27,67.73,32,22.82,2.09,4.27,45.91,47,2
13,Inizio,Abstract,PSTQ,93.91,93.73,94.09,76.91,90.27,7.64,50.36,51.64,4
13,Libreria,Concrete,Conc_in,78.45,75.18,48.55,57.45,32.64,4,48.45,47.09,3
13,Pescatore,Concrete,Conc_an,80.73,72.73,67.64,60.45,60.91,2.91,50.45,50.91,3
13,Scherzo ,Abstract,EM,91.18,90.18,73.45,59,59.91,6.73,50.45,50.73,3
13,Scoperta,Abstract,SS,89.09,89.64,74.91,70.36,81.73,2.36,48.36,48,3
13,Specchio,Concrete,Conc_in,91.82,92.73,83.73,64.45,76.82,3.91,49.18,64.55,4
13,Zucca,Concrete,Conc_an,70.91,67.64,50.82,69.09,28,5.82,50.27,49.55,2
14,Enigma ,Abstract,PS,73.64,69,70,71.91,63.18,24.91,66.27,33.09,3
14,Inizio,Abstract,PSTQ,54,34.18,54.91,80.18,98.09,45.36,67.64,45.91,2
14,Libreria,Concrete,Conc_in,43.45,39.45,12.18,93.73,99.27,66.82,82.36,8,2
14,Pescatore,Concrete,Conc_an,55.09,50.91,49,37.09,23.45,35.73,42.91,45.18,3
14,Scherzo ,Abstract,EM,66.64,54.36,49.55,26.91,77.55,27.18,36.27,36.64,3
14,Scoperta,Abstract,SS,41.27,35.91,35.09,26.36,73.27,39.45,23.45,46.18,1
14,Specchio,Concrete,Conc_in,43.27,25.27,35.73,88.55,99.45,21.09,79.73,37.82,2
14,Zucca,Concrete,Conc_an,60.64,45.27,34,72.27,90.36,18.82,70.64,42.18,3
15,Enigma ,Abstract,PS,75.45,79.73,16.27,83.18,82.27,65.55,76,25.82,1
15,Inizio,Abstract,PSTQ,81.55,80,82.64,62,70,22,52.18,50.55,4
15,Libreria,Concrete,Conc_in,92.36,92,95.55,91.73,82.73,0.91,51,50.18,5
15,Pescatore,Concrete,Conc_an,86.82,84.82,69.64,88.45,18,12.82,47.27,48.18,2
15,Scherzo ,Abstract,EM,84,71,52.09,73.64,59.64,78.09,50.82,49.18,2
15,Scoperta,Abstract,SS,77.73,80.27,24.82,84.91,65.91,31.36,77.45,22.36,3
15,Specchio,Concrete,Conc_in,86.45,85.55,51.91,89.64,76.18,17.36,48.64,49.91,3
15,Zucca,Concrete,Conc_an,94.45,93.09,97.18,55.09,97.45,77.27,12.55,78.82,6
16,Enigma ,Abstract,PS,95.27,95.18,29.36,66.27,90.36,37.45,64.73,77,3
16,Inizio,Abstract,PSTQ,54,34.18,54.91,80.18,98.09,45.36,67.64,45.91,4
16,Libreria,Concrete,Conc_in,96.55,96.73,97.36,95.45,97.27,9.18,88.18,96.55,4
16,Pescatore,Concrete,Conc_an,88.36,87.18,49.82,81.09,50.27,62.73,62.82,69.18,2
16,Scherzo ,Abstract,EM,96.36,96.55,87.27,84.09,92.27,68,87.82,94.64,3
16,Scoperta,Abstract,SS,92.36,92,83.73,76.82,80.64,21.45,76.09,86.91,3
16,Specchio,Concrete,Conc_in,96.45,96.82,88.73,96.73,95.27,60.64,82.36,85.91,4
16,Zucca,Concrete,Conc_an,96,95.27,48.64,92.91,84.91,41.91,79.64,84.91,3
17,Enigma,Abstract,PS,96.64,94.82,72.18,99.73,44.18,29,84.09,70.73,3
17,Inizio,Abstract,PSTQ,92.73,91.73,64,99.73,70.36,36.36,66.73,65.18,3
17,Libreria,Concrete,Conc_in,97.91,97.45,99.82,99.73,46.64,0.18,94.55,93.45,4
17,Pescatore,Concrete,Conc_an,97.45,97.45,99.36,99.73,23.36,0.45,81.18,82.18,3
17,Scherzo,Abstract,EM,97.45,95.45,60.55,99.82,49.27,13.91,78.73,76.64,3
17,Scoperta,Abstract,SS,97.27,96.64,79.27,99.82,35.82,18.18,89.91,89.09,3
17,Specchio,Concrete,Conc_in,92.82,91.27,48.09,81.18,16,67.45,56.64,65.73,2
17,Zucca,Concrete,Conc_an,97.18,96.82,76.64,99.45,23.18,24.27,88.36,89.91,3
18,Enigma,Abstract,PS,64.45,65.18,89.27,77.18,35.73,2.73,94.45,85.18,2
18,Inizio,Abstract,PSTQ,50.91,61.45,63,86.09,14.91,46.91,70.18,74.45,2
18,Libreria,Concrete,Conc_in,89.45,87.09,96.55,96.18,93.36,2.27,97.27,97.55,3
18,Pescatore,Concrete,Conc_an,88.36,87.09,94.18,91.73,92.18,7.36,93.55,92.91,2
18,Scherzo,Abstract,EM,69.45,61.09,66.91,77.36,65.09,6.91,73.18,73.73,2
18,Scoperta,Abstract,SS,64.27,56.27,61.64,69.82,20.27,26.55,67.18,72.09,2
18,Specchio,Concrete,Conc_in,86.73,85.55,93.55,93.09,94,6,92.73,92.73,2
18,Zucca,Concrete,Conc_an,87.64,86.82,93.55,94.36,94.27,2.09,94.27,95.27,2
19,Enigma,Abstract,PS,89.55,88.82,96.18,93.73,91.45,8.55,92.73,95.91,2
19,Inizio,Abstract,PSTQ,88.36,88.18,90,95.27,73.64,17,82.82,83,2
19,Libreria,Concrete,Conc_in,65,72.27,90.82,81.91,65.91,12.18,85.73,89.36,2
19,Pescatore,Concrete,Conc_an,63.73,65.73,61.45,94,69.27,70.09,92.91,90.82,2
19,Scherzo,Abstract,EM,90.73,89.18,95.55,94.64,92,4.27,94.82,95.64,3
19,Scoperta,Abstract,SS,90,86.82,95.55,96,91.45,4.91,96.27,95.45,3
19,Specchio,Concrete,Conc_in,62.91,63.18,73,85.45,81.18,30.36,87.64,86.55,2
19,Zucca,Concrete,Conc_an,70.55,69.91,74.45,75.91,77.55,19.64,84.36,72.09,2
20,Enigma,Abstract,PS,54.18,56.36,49.27,85.45,93.27,12,86.18,63.09,3
20,Inizio,Abstract,PSTQ,47.73,51.45,52,88.09,88.82,21,88.09,82.18,3
20,Libreria,Concrete,Conc_in,74.27,78.73,85.45,82.64,86.73,9.36,85.45,85.55,3
20,Pescatore,Concrete,Conc_an,71.27,75.45,79.91,78.36,77.18,15.82,80.64,80.09,3
20,Scherzo,Abstract,EM,63.73,66.64,71.45,64,83.73,24.45,84.09,69.82,3
20,Scoperta,Abstract,SS,57.64,58.82,58.64,82.73,74.09,17.36,80.73,52.45,3
20,Specchio,Concrete,Conc_in,68.45,67.36,73.27,74.82,83.27,16.55,78,78.91,3
20,Zucca,Concrete,Conc_an,71.91,72.55,72,74.82,80.82,18.45,78.36,78.73,3
21,Enigma ,Abstract,PS,73.82,73.55,65.73,55.91,19,26.91,54.55,73.09,4
21,Inizio,Abstract,PSTQ,51.91,27.45,26.36,53.36,41.64,54.18,47.91,56.73,2
21,Libreria,Concrete,Conc_in,82,76.55,49.09,35.18,20.64,42.18,39.09,59.45,4
21,Pescatore,Concrete,Conc_an,81.55,76.73,66.82,57,31.18,34,56.09,55.18,4
21,Scherzo ,Abstract,EM,65.91,65.45,57.36,63.73,53.36,43.55,58.36,57.18,4
21,Scoperta,Abstract,SS,62.36,70.55,59.82,59.45,60,19.27,57.64,57.82,4
21,Specchio,Concrete,Conc_in,67,64.64,43.73,50,53.18,50.91,49.45,52.73,3
21,Zucca,Concrete,Conc_an,76.73,67.36,62.27,23.36,12.64,51.18,29.18,74.36,3
22,Enigma ,Abstract,PS,72.45,70.82,68.91,72.82,57.09,23.73,49.64,49.73,2
22,Inizio,Abstract,PSTQ,65.82,66.73,66.55,68.27,59.27,32.36,48.18,52.09,2
22,Libreria,Concrete,Conc_in,74.55,74.45,70.91,62.27,32,25.64,49.73,49.64,2
22,Pescatore,Concrete,Conc_an,72.64,69.64,64.36,69.55,55,49.64,49.82,50.27,2
22,Scherzo ,Abstract,EM,69.73,68.64,66.64,68.64,56.73,58.82,53,53.09,2
22,Scoperta,Abstract,SS,68.64,74,74.73,81,65.82,54.27,52.18,52.18,2
22,Specchio,Concrete,Conc_in,72.18,76.45,58.55,62,44.73,29.09,50.91,51.18,2
22,Zucca,Concrete,Conc_an,68,63.55,57.64,68.64,38.73,34.09,50.64,50.36,2
23,Enigma ,Abstract,PS,66.45,64.73,58.55,73.45,1,72.27,99.91,99.73,2
23,Inizio,Abstract,PSTQ,58.73,58.36,65.09,99.73,8.45,65.36,99.82,99.64,2
23,Libreria,Concrete,Conc_in,81.82,78.45,99.73,99.64,9.45,0.18,99.73,99.82,4
23,Pescatore,Concrete,Conc_an,95.73,96,99.91,99.73,7.45,0.27,99.64,99.73,6
23,Scherzo ,Abstract,EM,69.82,72.27,70.09,99.73,7,27.64,99.64,99.64,3
23,Scoperta,Abstract,SS,62.36,61.55,27.09,100,65.73,63.27,99.82,99.73,1
23,Specchio,Concrete,Conc_in,84.73,84.09,83.09,99.82,80.73,0.27,99.73,100,3
23,Zucca,Concrete,Conc_an,30.18,67.36,66.09,99.82,18,0,100,99.82,2
24,Enigma ,Abstract,PS,88.82,80.73,82.27,85.18,59.55,20.64,77.09,76.45,5
24,Inizio,Abstract,PSTQ,72.64,73.18,51.91,61.18,62.55,35.64,64.36,64.36,4
24,Libreria,Concrete,Conc_in,87.73,86.64,74.82,39.27,62.18,18.64,60.82,70.91,5
24,Pescatore,Concrete,Conc_an,83.36,88.55,86.36,78.73,82.91,25.82,80.09,73.73,5
24,Scherzo ,Abstract,EM,86.36,81.45,39.18,62.82,56.09,45.09,62.91,79.82,4
24,Scoperta,Abstract,SS,79.82,80.36,66,74,69.91,40.36,74,69.82,4
24,Specchio,Concrete,Conc_in,76.18,78.45,69.64,66.64,60.55,25.82,57.91,54.91,4
24,Zucca,Concrete,Conc_an,80,83.82,67.82,57.45,27.36,17.36,69.73,64.73,5
25,Enigma,Abstract,PS,81.64,83.36,59.73,62,50.09,17.73,50.73,50.27,2
25,Inizio,Abstract,PSTQ,84.45,84.36,76.36,81.55,75.73,17,53.91,53.73,2
25,Libreria,Concrete,Conc_in,83.36,83.82,78.27,73.82,92.45,17.91,57.82,46.73,2
25,Pescatore,Concrete,Conc_an,87.09,83.18,75.82,81.64,67.36,21,55.36,53.45,2
25,Scherzo,Abstract,EM,85.36,83.55,70.55,73.73,63.91,19.64,52.18,51.82,2
25,Scoperta,Abstract,SS,83.09,82.18,66.36,72.91,58.82,15.36,51.82,51.45,2
25,Specchio,Concrete,Conc_in,86.09,83.73,84.73,85.27,90.09,11,50,49.73,2
25,Zucca,Concrete,Conc_an,81.45,80.64,72.91,78,77,11.36,49.09,53.45,2
26,Enigma,Abstract,PS,86.36,80.27,32.36,32.82,15.27,36.36,35.18,36.45,2
26,Inizio,Abstract,PSTQ,89.64,86.36,59.36,61.73,54.09,29.36,64.64,66.55,2
26,Libreria,Concrete,Conc_in,88.18,87.36,69.73,66.55,60.82,28.91,64.73,69.27,2
26,Pescatore,Concrete,Conc_an,85,85.45,59.55,60,56.45,38.73,63.82,65.91,2
26,Scherzo,Abstract,EM,88.45,84.27,45.27,50.82,55.64,39.27,51.82,52.36,2
26,Scoperta,Abstract,SS,85.27,83.82,37.36,43.18,38.73,33.64,45.27,48.64,2
26,Specchio,Concrete,Conc_in,84.55,86.45,53.64,55.82,45.09,14.91,54.82,58.36,2
26,Zucca,Concrete,Conc_an,88.91,90.18,71.55,70.18,58.91,8.09,72.55,76.27,2
27,Enigma,Abstract,PS,93.18,88.18,89,89.73,81,7,48.82,48.82,5
27,Inizio,Abstract,PSTQ,92.64,91.91,94.82,93.45,94,6.09,49.55,49.64,5
27,Libreria,Concrete,Conc_in,94.82,88.64,98.18,98.82,99.27,2.27,51.36,51.18,6
27,Pescatore,Concrete,Conc_an,91.91,89.91,98,95.09,79.36,5.45,50,49.55,5
27,Scherzo,Abstract,EM,66.91,77.73,70.73,94.64,50.55,14.45,54.27,51.45,4
27,Scoperta,Abstract,SS,77.45,73.18,76.91,93.73,78.09,29.64,49.91,49.73,3
27,Specchio,Concrete,Conc_in,92.36,88.73,99.09,98.36,82.09,1.55,52.09,51,5
27,Zucca,Concrete,Conc_an,88.64,83.55,88.27,79.55,90.27,8.73,50.64,50,5
28,Enigma,Abstract,PS,75.82,73.64,79.73,72,90.27,48.27,62.18,69.18,4
28,Inizio,Abstract,PSTQ,82,78.27,84.82,88.27,88.64,52.09,51.27,51.18,5
28,Libreria,Concrete,Conc_in,83.18,80.73,87.82,82.27,96.82,38.55,59.73,62.09,4
28,Pescatore,Concrete,Conc_an,74.91,69.55,67.45,70,96.18,51.18,64.45,71.73,3
28,Scherzo,Abstract,EM,75.82,72.91,61,73.09,66.55,62.27,52.73,51.27,3
28,Scoperta,Abstract,SS,77.36,71.73,68.18,71.73,52.55,49.27,60.91,65.91,4
28,Specchio,Concrete,Conc_in,82.45,82.18,72.73,80.82,88.18,51.45,55.91,63.82,4
28,Zucca,Concrete,Conc_an,85.36,81.55,86.64,81.27,95.73,33.55,77.55,78.09,6
29,Enigma,Abstract,PS,80.09,84.36,76.36,81.45,29.36,30.55,86.91,68.09,4
29,Inizio,Abstract,PSTQ,81.82,81.45,87.82,90.64,55.36,9.64,89.91,75.73,5
29,Libreria,Concrete,Conc_in,72.36,74.73,50.91,64.09,28,25.82,72,60.45,3
29,Pescatore,Concrete,Conc_an,76.45,78.36,25.91,86.36,49.82,32.45,81.73,57.45,3
29,Scherzo,Abstract,EM,76.45,86.64,79.64,86.91,30.09,22.18,85.09,71,5
29,Scoperta,Abstract,SS,81.45,78.73,89.45,87.36,37.09,16.73,87.82,76.18,5
29,Specchio,Concrete,Conc_in,77.36,73.36,49.73,71.36,35.27,30.27,79.36,69.18,3
29,Zucca,Concrete,Conc_an,73.73,76.73,16.73,77.45,23.64,25.55,75.18,42.64,2
30,Enigma,Abstract,PS,33.09,30.73,79.55,91.18,89.64,1,91.64,88.18,3
30,Inizio,Abstract,PSTQ,39.82,40.91,83.27,94.45,94.82,1.55,96.18,92.82,3
30,Libreria,Concrete,Conc_in,40.36,40.09,95.36,98.18,92.36,3.45,96.73,95.09,4
30,Pescatore,Concrete,Conc_an,43.64,46.64,89.73,97.64,95,5.82,96.45,88.73,4
30,Scherzo,Abstract,EM,39.27,38.27,89.45,93.55,92.36,2.64,94.27,93.91,3
30,Scoperta,Abstract,SS,36.55,34.91,64,95.18,51.09,2.82,93.09,79,3
30,Specchio,Concrete,Conc_in,46.09,47.64,95.27,96.18,94.36,1.27,97.64,95.73,4
30,Zucca,Concrete,Conc_an,20.55,38.18,89,99.73,86.09,10.36,94.27,90.73,3
31,Enigma,Abstract,PS,35,33.36,35.45,34.27,31.36,30.82,47.82,47.73,2
31,Inizio,Abstract,PSTQ,42.64,36.73,45.55,60.64,45.36,25.55,52.91,50.64,3
31,Libreria,Concrete,Conc_in,37,41.27,50.82,56.73,40.36,30.27,51.27,61.36,3
31,Pescatore,Concrete,Conc_an,46.91,36.91,58,63.45,51.09,7.09,61.45,70.73,3
31,Scherzo,Abstract,EM,33.73,35.82,49.36,48.36,49,19,50.27,51.18,3
31,Scoperta,Abstract,SS,31.09,32.91,23,57.64,27.18,52.64,54.73,52.91,1
31,Specchio,Concrete,Conc_in,38.36,31.73,47.73,55.82,56.18,24.55,56.55,59,2
31,Zucca,Concrete,Conc_an,41.64,35.36,56.73,53,52.09,14.18,53,62.27,3
32,Enigma,Abstract,PS,69.09,66.91,63.09,64.82,62.18,57.64,56.91,60,1
32,Inizio,Abstract,PSTQ,56.09,60.82,19.55,59.82,74,66,57.82,47.82,1
32,Libreria,Concrete,Conc_in,80.27,77.09,69.82,84.64,94.27,22,71.82,71.55,2
32,Pescatore,Concrete,Conc_an,66.27,69.45,64.73,84,85.09,59.73,73.91,78.27,2
32,Scherzo,Abstract,EM,63.91,64,30.82,62.27,70.09,46.45,61.27,63.45,1
32,Scoperta,Abstract,SS,35.73,70.64,35.64,52.55,66.18,42.27,56.09,66.64,2
32,Specchio,Concrete,Conc_in,77.09,72.82,56.73,55,78.36,70.18,51.18,63.73,1
32,Zucca,Concrete,Conc_an,79,75.91,72.09,73.09,74.45,16.91,71.18,70.18,2
33,Brivido,Abstract, PSTQ,62.73,52.18,29.45,50.64,33.09,20.45,52.73,48.36,1
33,Fama,Abstract,PS,56.45,52.18,49.91,64.55,59.09,22.55,67.09,69.36,2
33,Favola,Abstract,EM,77,67.36,70.45,74.09,68.09,7.82,80,79.82,2
33,Giuramento,Abstract,EM,63.18,58.91,58.91,67.18,59.55,15.73,71.36,64.09,2
33,Quercia,Concrete,Conc_an,59.64,60,69,75.91,74.27,14,78.91,73.73,2
33,Sarto,Concrete,Conc_an,53.64,51.36,30.91,59.09,54.64,28.09,60.91,57.45,1
33,Turista,Concrete,Conc_an,77.73,66.82,71.27,79.55,79.27,9.55,80.91,80.73,2
33,Uniforme,Concrete,Conc_in,54.82,52.36,48.91,68.27,63.27,28.91,70.91,50,1
34,Brivido,Abstract, PSTQ,73.82,71.82,48.45,95.18,55.91,61.18,52.36,54.09,2
34,Fama,Abstract,PS,81.09,76.55,57.45,81.36,54.36,74.64,59.18,62.45,3
34,Favola,Abstract,EM,82.82,78.55,72.45,70.82,46.45,31.27,64.73,64.45,4
34,Giuramento,Abstract,EM,83.45,78.55,73.64,69,67.64,54.55,53.55,60.55,4
34,Quercia,Concrete,Conc_an,82,79.64,72.18,72.73,66.27,27,70.36,70.82,5
34,Sarto,Concrete,Conc_an,79.91,76.45,75.45,74.91,36.09,12.45,62.36,67.82,3
34,Turista,Concrete,Conc_an,79.36,81.91,71.36,67.45,49.64,34.64,67.82,67.36,5
34,Uniforme,Concrete,Conc_in,83.82,82.45,76.18,79.18,77.55,60.82,89.82,83.82,6
35,Brivido,Abstract, PSTQ,61,49.09,56.27,58.36,50.82,28.91,65.27,59.27,3
35,Fama,Abstract,PS,58.09,47.45,48.91,56.55,24.18,35.91,77.36,55.45,2
35,Favola,Abstract,EM,56.82,53.64,63.27,43.27,47.82,26,49.82,64.18,3
35,Giuramento,Abstract,EM,52.82,42.64,18.82,50.36,75.09,57.27,69,27,2
35,Quercia,Concrete,Conc_an,59.27,42.91,74.18,78.27,54.18,35.73,74,42,3
35,Sarto,Concrete,Conc_an,48.64,48.18,56.09,33,7.82,50,50,68.73,3
35,Turista,Concrete,Conc_an,54.73,56.45,80.73,88.09,92.82,21.45,87.09,84.09,4
35,Uniforme,Concrete,Conc_in,53.55,53.55,66.55,62.91,64.55,45.82,53.18,65.36,3
36,Brivido,Abstract, PSTQ,48.18,50.45,68.18,86.82,69.09,49.91,73.27,59.09,2
36,Fama,Abstract,PS,51.82,49,23.18,79.82,53.36,84.91,85.09,37.73,1
36,Favola,Abstract,EM,45.73,52.36,53.45,88.55,93.27,53.36,83.45,61.64,2
36,Giuramento,Abstract,EM,50.73,49.45,64.18,54.91,52.73,24.91,57.64,73.27,2
36,Quercia,Concrete,Conc_an,61.64,64.82,90.09,92.91,89.64,16,81.64,84.82,3
36,Sarto,Concrete,Conc_an,48.73,50,80.36,78.45,77.09,11.91,75.45,75.55,2
36,Turista,Concrete,Conc_an,63.27,71,87.73,88.91,81.82,14.27,86.91,83.91,3
36,Uniforme,Concrete,Conc_in,68.55,73.45,83.64,84.82,60.27,17.82,78.09,80.55,3
37,Enigma,Abstract,PS,91.36,91.36,89.91,72.91,95.55,50.18,81.73,75.82,2
37,Inizio,Abstract,PSTQ,89.91,91.27,25.36,45.82,87.36,58.18,56.55,61.91,2
37,Libreria,Concrete,Conc_in,82.45,80.09,5.36,90,78.55,85.55,48.55,48.27,2
37,Pescatore,Concrete,Conc_an,90.18,91,63.09,82.64,88.45,24.36,90.55,59.55,3
37,Scherzo,Abstract,EM,81.55,84.82,88.27,66.73,91.82,70.55,48.91,57,2
37,Scoperta,Abstract,SS,93.09,95.55,62.55,87.36,92.82,71.09,45.18,50.55,3
37,Specchio,Concrete,Conc_in,89.55,92.09,91.73,36.36,87,37.45,50.73,49.82,3
37,Zucca,Concrete,Conc_an,94.91,96.82,33.36,57.82,93.91,61.27,46.36,87.27,3
38,Enigma,Abstract,PS,87.73,86.27,97.45,98.82,99.82,5.18,99.55,98.09,6
38,Inizio,Abstract,PSTQ,85.18,85.18,91.45,94.64,99.36,85.73,96.91,95.73,3
38,Quercia,Concrete,Conc_an,86.45,90,98.55,99.73,93.73,0.09,99.55,99.73,3
38,Sarto,Concrete,Conc_an,77,80.82,20.18,99.64,94.73,3.09,99.09,99.36,2
38,Scherzo,Abstract,EM,86.55,82.27,99,94.09,99.36,11.91,99.73,1.64,5
38,Scoperta,Abstract,SS,86,86.27,18.64,80,96.27,84.64,99.91,62.36,2
38,Turista,Concrete,Conc_an,89.91,88.73,99.91,99.45,98.82,0.82,98.09,99.18,4
38,Uniforme,Concrete,Conc_in,90.64,89.64,99.82,99.91,99.91,0.27,99.55,99.64,5
39,Brivido,Abstract, PSTQ,73,72.91,49.73,40.27,22.91,79.64,49.64,47.82,3
39,Fama,Abstract,PS,77.45,77.09,47.55,36.09,24.73,69.91,46.64,50.36,2
39,Favola,Abstract,EM,77.09,83.09,45.18,56,38.91,46.18,49.18,48.91,3
39,Giuramento,Abstract,EM,85.09,75.82,44.73,20.82,20.73,58.36,48.55,51.55,3
39,Libreria,Concrete,Conc_in,78.91,69.73,57.82,46.18,40.18,49.45,46.73,45.36,3
39,Pescatore,Concrete,Conc_an,78.73,60.73,70.82,68.73,59.73,62.55,60.36,56.09,4
39,Specchio,Concrete,Conc_in,85.64,75.18,61.09,58.45,44.82,52,55.27,57.36,3
39,Zucca,Concrete,Conc_an,80.45,75.27,76.73,72.55,63.27,60.55,63.27,60.55,4
40,Brivido,Abstract, PSTQ,78.64,78.91,63.82,64.36,62.09,42.73,64.73,66.64,3
40,Fama,Abstract,PS,49.82,50.45,26.82,79.27,4.73,87.82,73.18,50.55,2
40,Favola,Abstract,EM,76.36,80.73,73.36,78.64,74.55,31.73,77.55,78.82,3
40,Giuramento,Abstract,EM,62.27,73.36,42,68.18,82.73,52,71.64,72.36,3
40,Quercia,Concrete,Conc_an,84.36,85.09,97.73,80.45,68.73,4.45,81.82,82.82,3
40,Sarto,Concrete,Conc_an,75.45,73,82.36,78.36,66.09,18.36,70.18,75.91,2
40,Turista,Concrete,Conc_an,84.91,83.73,98.73,93.18,75.36,2.73,93.36,90.82,3
40,Uniforme,Concrete,Conc_in,84.73,87,97.73,91.82,72.45,4.36,88.91,98.45,4
41,Brivido,Abstract, PSTQ,58.55,52.82,43.36,41.55,45.45,42.09,56.36,50.09,2
41,Fama,Abstract,PS,64.91,58.36,54.64,65.82,65.27,47.45,63.82,63.27,3
41,Favola,Abstract,EM,63.55,64.27,64.36,83.82,87,40.09,82,81.91,3
41,Giuramento,Abstract,EM,77.18,72.55,86.27,96.82,96.18,18.64,93.64,92.82,4
41,Quercia,Concrete,Conc_an,73.91,73.73,74.45,83.36,39.27,22.55,82.09,93.82,4
41,Sarto,Concrete,Conc_an,52.82,49.73,49.73,75.09,93.36,38.73,75.55,77.82,3
41,Turista,Concrete,Conc_an,55,47.27,53.45,46.91,50.82,45.18,57.36,86.18,1
41,Uniforme,Concrete,Conc_in,56.27,55.64,55.55,70.27,87.36,48.64,72.09,75.73,2
42,Brivido,Abstract, PSTQ,90.91,76.73,60.18,71.09,65.36,54.36,63.18,67.18,5
42,Fama,Abstract,PS,90.55,84.91,73.73,46.27,80.27,49.18,53.91,63.91,5
42,Favola,Abstract,EM,97,96.27,92.18,89.27,93.64,15.45,77.73,75.64,6
42,Giuramento,Abstract,EM,94.36,95,80.18,79.27,84.18,33,69.55,75.18,5
42,Quercia,Concrete,Conc_an,96.45,92.55,70.18,80.91,78.09,25.55,75.64,74.45,5
42,Sarto,Concrete,Conc_an,97.45,95,77.18,68.91,84.64,8.09,74.18,74.18,5
42,Turista,Concrete,Conc_an,90.82,90.27,70.27,71.09,83.18,16.64,65.45,65.73,5
42,Uniforme,Concrete,Conc_in,88.18,81.64,68.82,64,69.18,30.18,61.18,63.36,5
43,Brivido,Abstract, PSTQ,92.64,91.36,92,95.91,86.09,12.64,50.27,49.82,6
43,Fama,Abstract,PS,60.91,62.64,61,94.55,50,58.55,51.91,51.09,4
43,Favola,Abstract,EM,85.55,78.18,67.73,86.82,20.27,27.09,49.73,49.73,4
43,Giuramento,Abstract,EM,85.09,84.82,82.18,90.27,27.36,27.45,48.73,49.09,5
43,Quercia,Concrete,Conc_an,96.27,97,95.91,95.55,4.45,33.09,49,49.18,5
43,Sarto,Concrete,Conc_an,92.27,92.45,93.45,94.55,17.45,11.18,48.91,49.55,6
43,Turista,Concrete,Conc_an,95,94.45,84.55,89.64,30,10.36,49.82,49.55,4
43,Uniforme,Concrete,Conc_in,96.36,94.91,91.55,92.73,13.73,7,49.09,48.45,5
44,Brivido,Abstract, PSTQ,73.36,78.27,72.91,69.91,82.91,51.64,57,58.82,3
44,Fama,Abstract,PS,38.73,53.27,31.91,50.36,18.55,67.82,76.36,48.55,2
44,Favola,Abstract,EM,42.64,43.45,71.82,67.91,72.18,41.82,57.55,54.45,3
44,Giuramento,Abstract,EM,70.36,23.45,48.45,52.45,14.73,55.55,59.09,59.82,2
44,Quercia,Concrete,Conc_an,85.45,82.73,81.27,78.18,73.55,49.45,68.18,70.82,3
44,Sarto,Concrete,Conc_an,81.36,79.18,82.64,73.27,75.55,30.91,51.45,50.36,3
44,Turista,Concrete,Conc_an,83.18,79.91,59.55,62.27,18.64,20.91,47.64,37.82,3
44,Uniforme,Concrete,Conc_in,67.45,67,48.64,63.55,52.91,84.27,58.45,56.55,2
45,Brivido,Abstract, PSTQ,38.91,29.73,54.09,47.18,46.55,17.09,30,46.36,3
45,Fama,Abstract,PS,40.09,36.64,57.45,49.73,24.09,7.82,35.73,48.45,3
45,Favola,Abstract,EM,39.55,37.55,54.18,48,16.18,28.64,30.27,48.45,4
45,Giuramento,Abstract,EM,35.64,32.55,50.36,49,9.36,14.64,33.64,51.55,3
45,Quercia,Concrete,Conc_an,31.82,15.36,52.09,48.36,45.18,23,46.91,65.45,3
45,Sarto,Concrete,Conc_an,25,18.27,15.18,4.36,0.82,58.18,9.36,59.55,1
45,Turista,Concrete,Conc_an,34.09,30.82,58.09,57.45,56.91,23,56.36,60.55,3
45,Uniforme,Concrete,Conc_in,28,24.36,27.45,34.27,25,13.27,35.82,52.82,2
46,Brivido,Abstract, PSTQ,77.45,77.36,90.27,68.82,67.27,11.09,67.91,68.64,4
46,Fama,Abstract,PS,64.64,64.55,74.73,61.91,52.09,34.55,64.82,68.27,3
46,Favola,Abstract,EM,73.73,74.55,69.82,72,53.82,72.36,64.36,62.73,3
46,Giuramento,Abstract,EM,73.73,72.91,73.18,76.36,80.36,14.09,80.18,85.36,4
46,Quercia,Concrete,Conc_an,76,76.91,88.73,78.73,76.73,22.09,70.55,72,4
46,Sarto,Concrete,Conc_an,61.55,65,34.73,86.64,88.55,58.82,69,32.27,2
46,Turista,Concrete,Conc_an,75.91,73.18,93.82,72.82,78.55,5.91,72.55,73.18,4
46,Uniforme,Concrete,Conc_in,63.18,67.55,63.18,65.91,68.91,30,64.18,60,2
47,Brivido,Abstract, PSTQ,68.64,59.82,64.36,52.18,60.09,24.91,52.27,52,2
47,Fama,Abstract,PS,75.09,69.82,63.45,54.55,60.91,31.45,53.18,50.91,2
47,Favola,Abstract,EM,79.09,74.18,71.82,55.18,65.27,14.82,59.09,55.09,2
47,Giuramento,Abstract,EM,72.09,65.18,53.91,48.27,47.45,32.18,49.82,55.64,2
47,Quercia,Concrete,Conc_an,71.82,59.82,63.73,68.09,80.73,30.45,63.27,46.91,2
47,Sarto,Concrete,Conc_an,53.82,44.73,47.09,48.27,47.36,45,48.18,48.91,2
47,Turista,Concrete,Conc_an,54.09,46.27,45.18,52.09,76.09,28.64,51.45,53.55,2
47,Uniforme,Concrete,Conc_in,61.09,50.27,51.09,36.18,45.18,47.36,47.64,50.73,2
48,Brivido,Abstract, PSTQ,94.27,94.27,96.55,94.91,96.73,0.45,97.09,97.45,5
48,Fama,Abstract,PS,89.73,91,92.36,93,73.09,8.45,89,90.45,4
48,Favola,Abstract,EM,95.18,94.45,95.91,92.18,94.09,3.09,94.82,95.27,5
48,Giuramento,Abstract,EM,91,90.91,94.64,94,98.36,0.73,94.09,94,4
48,Quercia,Concrete,Conc_an,93,94.09,99.36,89.18,99.91,3.55,94.82,95.55,5
48,Sarto,Concrete,Conc_an,89.27,90.36,29.45,51.18,24.36,33.09,63.36,68.36,4
48,Turista,Concrete,Conc_an,93.27,92.64,87.73,94.82,98.91,66.36,96.45,97.09,5
48,Uniforme,Concrete,Conc_in,85.91,89,46.82,79.09,50.55,62.73,67.18,61.73,3
49,Brivido,Abstract, PSTQ,88.82,87.82,81.27,82.55,7.36,70.91,50,50,6
49,Fama,Abstract,PS,85.36,82.09,51.45,70.18,7,4.73,48.82,48.55,3
49,Favola,Abstract,EM,83.36,86.45,50.55,49.73,50,47.09,50.09,50.64,2
49,Giuramento,Abstract,EM,87.91,87.91,81.09,87.55,4,98.18,50,51,5
49,Quercia,Concrete,Conc_an,87.18,85.36,90.27,54.55,6.09,46.82,49.36,39.55,4
49,Sarto,Concrete,Conc_an,87,86.09,88.55,48.55,4.55,91,47.82,46.55,5
49,Turista,Concrete,Conc_an,91.91,90.64,97.55,78.55,2.45,86.55,50.09,49.73,5
49,Uniforme,Concrete,Conc_in,89.55,87.36,61.18,47.45,13.45,48.45,49.55,36.91,6
50,Brivido,Abstract, PSTQ,71.36,76.27,63.18,50,95.36,12,47.36,49.36,3
50,Fama,Abstract,PS,76.36,77.82,70.18,63.91,94.73,6.55,50.64,45.73,3
50,Favola,Abstract,EM,74.27,76.73,72.27,74.82,96.27,8.73,50.27,48.45,2
50,Giuramento,Abstract,EM,73.36,73.45,53.36,67.64,96.27,15.45,50.82,50.36,3
50,Quercia,Concrete,Conc_an,86.73,84.18,72.27,56.27,81.55,31.27,59.82,30.36,4
50,Sarto,Concrete,Conc_an,96.45,92.55,70.18,80.91,25.55,78.09,75.64,74.45,3
50,Turista,Concrete,Conc_an,77.09,77.55,50.91,54.55,95.27,6.91,48,48,3
50,Uniforme,Concrete,Conc_in,74.45,78.36,44,57.36,94.36,9.27,55.82,41.18,3
51,Brivido,Abstract, PSTQ,88.82,86.64,82.91,86.55,66.55,81.82,87.18,85.82,3
51,Fama,Abstract,PS,88.91,85.18,57.27,64,83.73,72,62.91,59.55,3
51,Favola,Abstract,EM,79.27,78.36,89.18,94.55,28,96.09,96.64,98.91,3
51,Giuramento,Abstract,EM,90,90.73,96.64,97.55,70.82,97.09,96.09,99.36,4
51,Quercia,Concrete,Conc_an,87.45,86.91,65.55,81.18,53.18,56.45,80.55,92.91,1
51,Sarto,Concrete,Conc_an,85.45,85.91,56.36,75,73.82,73.09,69.82,86.64,2
51,Turista,Concrete,Conc_an,88.64,89.36,89.45,87.45,43.55,79.91,86.45,90.09,3
51,Uniforme,Concrete,Conc_in,82.45,81.73,78,94.73,83.64,85.73,90.45,91.45,1
52,Brivido,Abstract, PSTQ,88.82,86.64,82.91,86.55,66.55,81.82,87.18,85.82,5
52,Fama,Abstract,PS,80.45,79.27,70.82,77.45,60.91,67.09,76.82,76.82,4
52,Favola,Abstract,EM,81.73,86,70.73,75.64,24.18,64.55,81.36,74.91,4
52,Giuramento,Abstract,EM,80,81.36,66.55,71.36,83.73,60.09,59.73,71,4
52,Quercia,Concrete,Conc_an,69.91,70.09,27.36,56.55,74,26.18,25.18,21.27,2
52,Sarto,Concrete,Conc_an,84.73,83.82,76.45,74.55,43.64,50.55,80.09,87.91,4
52,Turista,Concrete,Conc_an,75.45,75.91,59.91,70.45,46.36,64.18,70,68.64,3
52,Uniforme,Concrete,Conc_in,78,82.45,46.73,78.18,36.18,67.09,87.18,75.73,3
53,Brivido,Abstract, PSTQ,54.27,68.27,68.27,75.45,44,38.09,69.27,63.55,3
53,Fama,Abstract,PS,30.27,28.73,66.64,73.64,27.55,52.64,19.82,63.36,3
53,Favola,Abstract,EM,8.73,3.64,63.09,69,36.09,39.09,23.82,70.18,3
53,Giuramento,Abstract,EM,8.64,15.36,64.36,74.09,28,49.45,79.36,78.73,1
53,Quercia,Concrete,Conc_an,31,17.45,76.36,82.09,67.55,69.55,79.18,87.55,3
53,Sarto,Concrete,Conc_an,12,15.27,45.82,67.64,4.36,76.64,76.55,76.27,3
53,Turista,Concrete,Conc_an,31.27,11.27,62.64,55.82,25.82,44.73,87.18,92.91,2
53,Uniforme,Concrete,Conc_in,6.09,3.64,2.36,13.45,0.55,60,49.82,62.91,2
54,Brivido,Abstract, PSTQ,52.73,48.27,19.18,54.36,39.55,83.73,49.91,48,2
54,Fama,Abstract,PS,54.27,45.27,23.18,58.45,62.73,81.82,47.27,47.27,3
54,Favola,Abstract,EM,57.73,47.18,22.55,55.91,36,68.09,48.82,48.18,2
54,Giuramento,Abstract,EM,56.91,42.45,32.55,42,62.91,84.82,60.91,34.09,1
54,Quercia,Concrete,Conc_an,82.45,85,72.64,61.64,63.55,87.73,49.73,49.27,4
54,Sarto,Concrete,Conc_an,72.55,70.73,31.27,53,57.73,59.36,48.55,47.18,3
54,Turista,Concrete,Conc_an,75.73,75.09,75.55,76.91,69.91,27.82,53,50.36,4
54,Uniforme,Concrete,Conc_in,57.55,51.82,26.36,51.82,58.09,70.36,49.27,49.09,2
55,Brivido,Abstract, PSTQ,11.27,10.36,34.73,33.55,18.09,36.09,33.18,33.36,2
55,Fama,Abstract,PS,33.09,15.09,29.64,33.82,22.18,34.18,33.64,32.73,2
55,Favola,Abstract,EM,15.91,13,19,22.91,11.64,27.64,22.45,24.55,2
55,Giuramento,Abstract,EM,13.91,15.45,26.09,24.64,16.91,23.73,14.73,13.36,1
55,Quercia,Concrete,Conc_an,19.82,18.36,16.82,17.64,11.36,17.36,15.64,14.82,2
55,Sarto,Concrete,Conc_an,32.27,27.27,27.27,28.91,22,21.91,36.45,36.45,2
55,Turista,Concrete,Conc_an,28.09,31,65.55,59.09,18,18.73,56.64,63.18,2
55,Uniforme,Concrete,Conc_in,16.45,19.45,16.27,13.82,9.82,11.73,18.45,15.45,1
56,Brivido,Abstract, PSTQ,79,78.64,82,81.91,72.91,63.45,69.82,65.09,6
56,Fama,Abstract,PS,87.64,86.73,68.09,71.91,79.82,50.91,66,66.55,6
56,Favola,Abstract,EM,80.73,80.91,85.36,83.64,74.09,30.55,64.36,71.55,6
56,Giuramento,Abstract,EM,74.27,68.82,66.27,58.09,50.09,39.45,62.64,71.45,5
56,Quercia,Concrete,Conc_an,77.36,75.82,68.36,74.36,75,68.27,66.27,65.45,5
56,Sarto,Concrete,Conc_an,74.45,73.45,59.73,70.55,66.55,14.82,70.73,71.73,5
56,Turista,Concrete,Conc_an,74.91,66.09,49.64,66.27,34.91,20.09,57.91,70.45,5
56,Uniforme,Concrete,Conc_in,69.18,65.09,47.18,61.09,64,63.45,66.82,56.91,3
57,Brivido,Abstract, PSTQ,86.18,87,99.36,81.27,76.27,6.55,77.64,81,5
57,Fama,Abstract,PS,84,87,84.45,80.82,89.27,9.91,77.91,78.36,5
57,Favola,Abstract,EM,96.55,96.09,91.36,94.27,94.27,3.45,94,93.45,6
57,Giuramento,Abstract,EM,96.36,96,90.55,96.64,83.73,4.27,90.82,91.18,6
57,Quercia,Concrete,Conc_an,76.91,74.27,85.45,77.55,76.09,13.64,60.36,60.55,3
57,Sarto,Concrete,Conc_an,68.18,75.82,72.45,73.09,34,8.27,79.09,76.09,3
57,Turista,Concrete,Conc_an,97.27,98.09,99.09,98.82,95.36,0,99.73,99.36,6
57,Uniforme,Concrete,Conc_in,69.82,67.45,69.27,74.45,82.18,4.91,78.82,82.55,3
58,Brivido,Abstract, PSTQ,76.55,64.27,98.18,99.55,74,0.73,75.27,99.18,2
58,Fama,Abstract,PS,92,90.27,99.55,99.82,99.91,0.36,99.64,99.73,3
58,Favola,Abstract,EM,96.27,95.73,98.91,99.36,99.73,0.64,99.36,99.45,5
58,Giuramento,Abstract,EM,94.45,95,99.82,99.91,99.73,8.36,99.55,99.73,4
58,Quercia,Concrete,Conc_an,18.82,31.82,61.18,99.27,99.36,88.55,99.09,99.36,1
58,Sarto,Concrete,Conc_an,52.18,45.09,68.55,98.55,98.91,77.73,99.45,99.27,1
58,Turista,Concrete,Conc_an,68.18,58.27,99,98.64,99.55,0.64,99.36,99.45,2
58,Uniforme,Concrete,Conc_in,49.73,46,68.18,90.09,73.18,56.18,83.64,91.55,1
59,Brivido,Abstract, PSTQ,97.91,97.27,99.55,99.36,98.64,0.64,99.09,99.36,6
59,Fama,Abstract,PS,4.45,1.45,5.09,78.73,3.82,28.27,76.73,86.09,1
59,Favola,Abstract,EM,98.18,97.18,98.73,96.73,96.45,6.45,97.36,98.64,6
59,Giuramento,Abstract,EM,91.73,90.45,91.55,73.09,77.73,4.27,88.09,93.36,5
59,Quercia,Concrete,Conc_an,95.91,96.18,99.64,99.45,98.73,6.27,98.09,71.73,6
59,Sarto,Concrete,Conc_an,97.73,98.09,92.55,95.18,97.82,96.36,96.64,95.64,6
59,Turista,Concrete,Conc_an,99.18,99.91,99.73,99.73,99.45,0.64,99.73,99,6
59,Uniforme,Concrete,Conc_in,97.55,97.27,99.64,99.09,98.45,0.36,97.82,99.45,6
60,Brivido,Abstract, PSTQ,63,61.36,92.73,91.91,94.18,91,94.73,91.64,3
60,Fama,Abstract,PS,1.36,0.82,44.36,92.36,83.82,39,91.64,49.82,1
60,Favola,Abstract,EM,70,73.73,87.64,87,87.36,86.45,85.55,83.82,4
60,Giuramento,Abstract,EM,52.73,51.55,91,95.91,96,8.09,91.82,92,3
60,Quercia,Concrete,Conc_an,36.55,52.64,72.64,79.73,83.09,80.64,79.73,79.55,3
60,Sarto,Concrete,Conc_an,40.36,56.45,84.27,78.45,80.64,80.45,85.55,86.82,3
60,Turista,Concrete,Conc_an,42.27,60.82,90.45,86.09,89.64,84.64,84.64,93.45,3
60,Uniforme,Concrete,Conc_in,55.82,46.09,85.73,86.09,83.55,82.36,82.55,83,3
61,Brivido,Abstract, PSTQ,24.82,22.82,35.36,54.09,24.36,14.73,49.18,48.82,2
61,Fama,Abstract,PS,42.09,32.55,38.55,45.18,7.73,12.18,47,46.73,2
61,Favola,Abstract,EM,32.18,27.73,47.18,47.64,23,4.36,49.18,48.27,2
61,Giuramento,Abstract,EM,24.09,23.27,42.55,43.73,26.27,19.45,37.55,38.91,2
61,Quercia,Concrete,Conc_an,24.27,22.18,10.64,11.64,11.45,56.55,11.27,47.27,1
61,Sarto,Concrete,Conc_an,34.73,34.45,23.27,38.73,4.55,2.91,55.36,55.91,2
61,Turista,Concrete,Conc_an,46.73,23.27,56,57.18,52.64,5.45,46.82,46.64,2
61,Uniforme,Concrete,Conc_in,29.27,20.45,40.18,47.73,36.36,30.18,42.82,41.55,2
62,Brivido,Abstract, PSTQ,89.91,87.82,96.55,92.55,83.18,17.73,84,84.36,3
62,Fama,Abstract,PS,74.64,72.09,64.82,64.36,36.55,50,69.45,70.36,2
62,Favola,Abstract,EM,87.64,87,93.18,93.55,87.09,36.55,84.09,86.27,3
62,Giuramento,Abstract,EM,78.73,78.82,71.09,73.64,48.36,74.45,54.18,64.82,2
62,Quercia,Concrete,Conc_an,73.18,73.27,72,85.82,65.09,76.36,50.18,49.82,2
62,Sarto,Concrete,Conc_an,41,33.09,49.36,77.27,73.82,81.73,49.82,50.36,2
62,Turista,Concrete,Conc_an,79.45,75.09,87.73,90,89.73,70.64,86.27,84.64,2
62,Uniforme,Concrete,Conc_in,74.55,74.18,90.18,89.09,80.36,62,85.18,85.09,2
63,Brivido,Abstract, PSTQ,70.64,73,83.09,81.09,57.91,3.36,68.18,85.91,4
63,Fama,Abstract,PS,77.45,78.18,90.27,91.45,88.45,0.18,90.45,92.64,5
63,Favola,Abstract,EM,79.55,79.73,84.27,90.55,80.73,1.27,90.64,92.82,5
63,Giuramento,Abstract,EM,76.27,76.91,66.73,81.55,80.18,21.18,79.27,89.55,4
63,Quercia,Concrete,Conc_an,78,77,77.36,96.82,50.82,14.09,47.18,59.91,5
63,Sarto,Concrete,Conc_an,77.55,77.18,88,94.18,90.91,2.36,83.55,88.55,5
63,Turista,Concrete,Conc_an,77.45,80.73,85.55,92.27,55.27,1.55,75.82,73.27,5
63,Uniforme,Concrete,Conc_in,54.27,63.45,81.36,98.55,88.73,62.91,49.45,49.64,5
64,Brivido,Abstract, PSTQ,93.64,93.18,96.91,93.82,90,1.09,98.73,98.82,6
64,Fama,Abstract,PS,93.36,91.82,86.36,88.55,62.36,48.91,91.64,93.27,5
64,Favola,Abstract,EM,90.36,83.27,84.18,93,75.82,0.55,90.09,94.36,4
64,Giuramento,Abstract,EM,90.55,91.09,72.55,87.73,53.18,14.64,89.18,80.73,4
64,Quercia,Concrete,Conc_an,89.55,88.55,82.73,93.91,93.45,13.64,92.27,81.91,5
64,Sarto,Concrete,Conc_an,91.18,88.91,85.73,96.18,98,5.91,99.55,78.73,5
64,Turista,Concrete,Conc_an,89.55,87.27,72.27,95.55,76.18,19.36,89.82,92.73,4
64,Uniforme,Concrete,Conc_in,90.64,88,87.64,99.64,83,13.18,66,66.55,4
65,Brivido,Abstract, PSTQ,79.09,79.36,72,79.82,77.64,78.91,82.18,87.27,5
65,Fama,Abstract,PS,60.18,63.09,52.91,78.18,49.64,59.09,84.45,45.18,3
65,Favola,Abstract,EM,77.55,71.45,89.55,85.09,99.27,26.55,81.18,91.36,5
65,Giuramento,Abstract,EM,66.91,59.82,31.55,76.18,79.82,54.36,65,56.27,4
65,Quercia,Concrete,Conc_an,82.09,82.55,88.82,89.55,83.27,31,82.27,90.64,5
65,Sarto,Concrete,Conc_an,81,84.18,92.91,90,94.55,23.45,89.55,94.36,5
65,Turista,Concrete,Conc_an,79.27,81,78.64,79.18,74.64,80.36,83.09,83.27,4
65,Uniforme,Concrete,Conc_in,75.82,79.09,80.18,87.64,76.27,25.36,74.27,81.09,5
66,Brivido,Abstract, PSTQ,40.18,40.36,93.36,99.36,99.18,80.64,99,96.55,3
66,Fama,Abstract,PS,40.82,44,98.18,98.91,73.18,6.64,98.55,98,4
66,Favola,Abstract,EM,22.45,43,99.09,99.64,99.27,19.55,98.09,95.73,3
66,Giuramento,Abstract,EM,17.64,44.18,60.09,81.09,31.27,75,99.09,99.09,2
66,Quercia,Concrete,Conc_an,44.36,44.36,99.73,99.36,99.73,0.45,99.82,99.64,5
66,Sarto,Concrete,Conc_an,41.45,36.36,98.45,98.36,82.91,19.45,98.45,96.91,3
66,Turista,Concrete,Conc_an,37,30.18,99.18,99.45,99.36,1.36,99.09,98.27,3
66,Uniforme,Concrete,Conc_in,43.36,39.73,99.55,99.55,99.09,0.73,99.09,98.73,4
67,Brivido,Abstract, PSTQ,92.82,88.45,20.36,70.18,28.45,72.09,67.91,79.18,2
67,Fama,Abstract,PS,93.73,91.55,83.27,83.36,80.36,26.91,65.73,69.55,2
67,Favola,Abstract,EM,94.36,88,67.45,76,4.45,11.09,48.64,65.27,2
67,Giuramento,Abstract,EM,93.73,90.82,67.91,37.45,60.91,49.55,60.64,59.82,2
67,Quercia,Concrete,Conc_an,93.64,91.55,49.45,49.36,56,20.45,64.27,48.55,3
67,Sarto,Concrete,Conc_an,94.09,96.55,85.36,81.73,79.91,5.36,85.55,67.45,4
67,Turista,Concrete,Conc_an,88.27,85.09,51.09,53.55,33.73,17.36,49.82,49.82,3
67,Uniforme,Concrete,Conc_in,96.36,96.09,92.64,7.55,66.36,5.45,81.82,93.18,4
68,Brivido,Abstract, PSTQ,86.36,86.18,79,79.36,80.91,26.73,74.82,72.18,2
68,Fama,Abstract,PS,90.36,91.64,91.45,87.73,80.09,15.27,86.18,85.82,4
68,Favola,Abstract,EM,86.45,86.55,67.91,81.27,78.09,77.64,83.82,81.36,2
68,Giuramento,Abstract,EM,91.18,91.09,94.27,90.36,90.55,5.27,88.18,88.09,4
68,Quercia,Concrete,Conc_an,91.82,91.27,90.91,84.64,87.91,12,84.64,81,3
68,Sarto,Concrete,Conc_an,90,89.73,82.55,81,90.36,18.36,87.45,78.36,2
68,Turista,Concrete,Conc_an,90.64,89.45,95.45,80.73,90.73,4.91,82.64,83.73,4
68,Uniforme,Concrete,Conc_in,92,91.27,65.82,68.27,74.09,30.82,74.18,81,2
69,Brivido,Abstract, PSTQ,98.18,97.45,99.45,97.45,92.55,1.82,96.91,99.73,5
69,Fama,Abstract,PS,99.27,98.73,98.91,99.18,99,0.27,99.55,99.82,5
69,Favola,Abstract,EM,92.09,93.55,94,87.91,72.82,0.64,90.73,91.91,4
69,Giuramento,Abstract,EM,66.18,71.27,46.45,54.73,51,1.09,54.09,53.91,2
69,Quercia,Concrete,Conc_an,83.82,79.91,52.91,80.45,54.09,2.09,79.27,76.64,2
69,Sarto,Concrete,Conc_an,88.18,85.82,82.64,96,95.91,0.91,93.09,86.18,3
69,Turista,Concrete,Conc_an,91.45,92.18,90.18,91.73,92.18,0.36,91.36,94.09,3
69,Uniforme,Concrete,Conc_in,68.64,64.27,48.09,71.82,66.36,3,85,85.18,2
70,Brivido,Abstract, PSTQ,71.27,72.55,61.45,66.55,55,21,61.45,59.09,2
70,Fama,Abstract,PS,73.09,77.45,68.36,71.73,37.73,47,74.27,76,3
70,Favola,Abstract,EM,49.18,63.09,29.27,69.09,51.91,27.55,70.73,28.36,2
70,Giuramento,Abstract,EM,75,75.36,68.64,72.64,66.27,16.64,78.09,54.09,3
70,Quercia,Concrete,Conc_an,77.45,67.36,57.36,65.27,74.09,50.91,70.36,73,3
70,Sarto,Concrete,Conc_an,73.55,71.45,50.82,57,55.36,54.73,62.18,74.55,2
70,Turista,Concrete,Conc_an,75.73,75.64,65,62.09,60,16.45,68.27,56.82,3
70,Uniforme,Concrete,Conc_in,79.36,79.73,77.91,83.18,38.27,25.91,81.82,80.73,3
71,Brivido,Abstract, PSTQ,52.91,45.09,88.18,86.18,77.82,7.64,80,50.36,5
71,Fama,Abstract,PS,53.73,46.91,98.27,97.91,87.82,0.82,96.18,98.55,6
71,Favola,Abstract,EM,47.36,43.73,70.91,71,70.64,12.18,67.09,75.27,5
71,Giuramento,Abstract,EM,47.18,44.09,49.73,44.09,25.45,41.82,38.91,57,4
71,Quercia,Concrete,Conc_an,50.73,40.73,32.73,38.18,8.18,21.73,15.82,18.36,4
71,Sarto,Concrete,Conc_an,54.36,28.91,61.73,37.82,35.09,39.82,42.09,48.82,4
71,Turista,Concrete,Conc_an,37.27,37,26.64,58.09,64.64,93.27,14.09,87.55,3
71,Uniforme,Concrete,Conc_in,43.73,37.82,42.91,22.73,20.36,12.82,25.73,26.18,4
72,Brivido,Abstract, PSTQ,2.91,4.27,22.45,34.36,27.45,12.64,33.64,30,2
72,Fama,Abstract,PS,3,3.91,9,27.18,12.64,30,26.36,27,2
72,Favola,Abstract,EM,2.55,2.64,17.09,23.91,15.73,25.82,29.91,35.27,1
72,Giuramento,Abstract,EM,2.36,1.82,20.64,27.55,10.82,26.36,26.18,30.73,2
72,Quercia,Concrete,Conc_an,10.55,14,6.45,15.55,3.18,36.55,47.45,45.91,2
72,Sarto,Concrete,Conc_an,17.36,13.36,23.64,16.27,41,38.91,23.73,52.64,2
72,Turista,Concrete,Conc_an,1.36,4.64,7.45,5.36,5.91,47.82,9,5.55,2
72,Uniforme,Concrete,Conc_in,3.91,14.45,15,26.73,9.73,28.91,36.36,40.18,2
73,Abitudine,Abstract,SS,60.64,8.09,48,74.45,64.73,73.36,54.18,56.55,2
73,Aereo,Concrete,Conc_in,42.82,42.18,97.27,90.45,92.82,22.64,64.27,68.73,5
73,Bottiglia,Concrete,Conc_in,49.18,35.82,98.27,86.82,83.55,9.45,81.36,82.09,4
73,Causa,Abstract,PS,56.09,28.91,77.18,80.45,85.09,40.73,54.09,70,3
73,Gallo,Concrete,Conc_an,57.64,29.27,83.91,71.18,78.36,14.09,68.82,53.64,4
73,Gara,Abstract,PSTQ,70.27,12.64,77,73.09,72.18,26.36,63.45,53.55,4
73,Silenzio,Abstract,EM,77.18,9.64,95.82,82.73,95.09,12.18,62.09,63.18,5
73,Tavolo,Concrete,Conc_in,43.91,30.27,89,68.45,68,17.18,55.64,66.36,3
74,Abitudine,Abstract,SS,47.82,16.82,53.91,50.27,66.27,18.91,32.73,47.27,1
74,Aereo,Concrete,Conc_in,4.91,5,40.64,54.73,54.82,58.27,61.91,35.18,1
74,Bottiglia,Concrete,Conc_in,5.64,8,19.18,14.45,8.36,37.64,37.09,33.91,1
74,Causa,Abstract,PS,18.45,19.27,32.91,39,53.45,49.36,48.18,45.73,1
74,Gallo,Concrete,Conc_an,4.91,7.55,33,39.64,29,52.73,40.36,38.09,1
74,Gara,Abstract,PSTQ,12.36,21.91,40.09,42.27,62.55,34.09,48.73,47.27,1
74,Silenzio,Abstract,EM,17.82,25,55.18,66.82,41.55,39.73,75.09,66.36,1
74,Tavolo,Concrete,Conc_in,2.64,2.64,26.36,30.55,62.91,57.36,73,10.73,1
75,Abitudine,Abstract,SS,92.09,91.91,88.73,95.45,96.82,15.82,91.27,92.91,4
75,Aereo,Concrete,Conc_in,94.64,94.91,95.73,97.55,93.36,0.64,97.64,97.27,6
75,Bottiglia,Concrete,Conc_in,95.55,94.73,98.73,98.18,94,2.27,96.27,96.73,6
75,Causa,Abstract,PS,88.18,84.73,81.55,68.36,69,88.27,82.82,83.55,4
75,Gallo,Concrete,Conc_an,93,91.64,85.73,91.73,95.64,27.64,94.45,93.45,3
75,Gara,Abstract,PSTQ,92,90.55,78.64,89.73,82.73,40,89.73,87.27,4
75,Silenzio,Abstract,EM,92.09,90.73,95.82,95.91,94.55,24.64,96,93.91,2
75,Tavolo,Concrete,Conc_in,94.73,94.45,99.09,95.45,96.18,60.36,90.73,91.82,5
76,Abitudine,Abstract,SS,32.91,59,57.82,63.09,80.27,46.73,63.82,63.91,2
76,Aereo,Concrete,Conc_in,35.55,52.27,47.09,64.82,73.55,49.73,62.36,65.64,2
76,Bottiglia,Concrete,Conc_in,33.09,49.18,71.55,78.55,85.36,63.45,81.64,80,2
76,Causa,Abstract,PS,39.91,30.82,40.36,50.73,3,63.55,42.36,48.91,2
76,Gallo,Concrete,Conc_an,29.09,50,60.27,68,78.82,48.36,69.91,68.55,2
76,Gara,Abstract,PSTQ,38.82,49.27,55.45,61.27,62.73,51.36,61.09,59.82,2
76,Silenzio,Abstract,EM,40.18,52.55,42.36,58.55,72.73,59.27,50,65.36,2
76,Tavolo,Concrete,Conc_in,60.45,59.09,67,75.09,85.45,60,73.18,75.82,3
77,Abitudine,Abstract,SS,12.64,18.27,12.09,49.91,12.27,76.36,50.36,50.64,1
77,Aereo,Concrete,Conc_in,74.64,69.27,33.18,67.91,23.91,61.64,49.82,49.36,4
77,Bottiglia,Concrete,Conc_in,63.55,67.91,27.64,69.55,42.91,67.45,51.73,51.55,3
77,Causa,Abstract,PS,44,38.45,24.36,55.45,24.55,56.27,48.64,49.09,1
77,Gallo,Concrete,Conc_an,74.27,69.91,56.82,75.73,65.45,60.18,50.91,51.27,4
77,Gara,Abstract,PSTQ,23.55,22,27.18,32,13.55,36.36,49.36,50,3
77,Silenzio,Abstract,EM,26.82,27,27.91,61.27,46.91,49.64,49.27,49.64,2
77,Tavolo,Concrete,Conc_in,75.18,57.64,24.27,78.09,22.73,68.91,49.91,50.09,3
78,Abitudine,Abstract,SS,47.73,49.73,96.64,51.45,84.09,3,96.91,89.55,6
78,Aereo,Concrete,Conc_in,48.09,44.91,72.91,85.36,95,2.36,78,82.45,5
78,Bottiglia,Concrete,Conc_in,45.45,45.64,77.64,80.27,53.55,10.73,64.45,78.18,5
78,Causa,Abstract,PS,47,48.73,97.91,83.45,47.82,1.55,21.82,94.91,6
78,Gallo,Concrete,Conc_an,44.18,41.27,78.36,79.36,73.45,9,81.09,58.73,5
78,Gara,Abstract,PSTQ,49.64,48.55,98.64,6.45,57.27,4.27,69.82,55.82,6
78,Silenzio,Abstract,EM,47.27,46.45,97.55,67.91,83.64,6.09,86.36,90.27,6
78,Tavolo,Concrete,Conc_in,39.45,37.64,8.91,95.36,53,87.73,51.45,51.82,4
79,Abitudine,Abstract,SS,76.91,70.82,69.73,85.64,18.09,88.64,73.27,75.27,4
79,Aereo,Concrete,Conc_in,45,38.18,26.73,70.91,62.82,60.18,49.18,32.73,2
79,Bottiglia,Concrete,Conc_in,75.64,74.09,56.55,58.91,34.64,35,64.27,76.55,3
79,Causa,Abstract,PS,76.45,65.91,53.64,44,22.82,34.27,59.64,72.55,3
79,Gallo,Concrete,Conc_an,72.36,53.82,56.45,66.36,47.82,25.55,68,49.73,3
79,Gara,Abstract,PSTQ,83.91,80.45,74.45,17.36,77.18,9.36,76,86.27,5
79,Silenzio,Abstract,EM,78.91,76.18,56.09,41.55,59.55,28.27,60.73,67.91,6
79,Tavolo,Concrete,Conc_in,71,70.64,77.55,72.82,72,74.45,72.36,50.55,3
80,Abitudine,Abstract,SS,88.82,88.09,74.55,80.82,56.82,17.64,75.27,62.91,3
80,Aereo,Concrete,Conc_in,88,86,37.73,61,37.55,32.36,63.36,43.91,3
80,Bottiglia,Concrete,Conc_in,87.27,87.18,43.36,64.73,24.73,29.82,67.91,65.91,2
80,Causa,Abstract,PS,87.64,87.55,84.82,68.36,48.64,22.64,73.09,48.27,3
80,Gallo,Concrete,Conc_an,85.55,87.09,67.55,46.09,3.27,77.36,41.18,74.18,2
80,Gara,Abstract,PSTQ,88.27,88.09,70.64,69.91,55.09,26.36,30.09,62.73,3
80,Silenzio,Abstract,EM,89,87.73,42.64,63.91,30.09,37.09,70.45,69.09,3
80,Tavolo,Concrete,Conc_in,87.82,84.82,70.18,82.82,49.91,30.73,78.82,37.09,3
81,Abitudine,Abstract,SS,81.09,79.73,68.27,65.09,41.64,33.18,59.09,70.36,3
81,Aereo,Concrete,Conc_in,72.55,73.73,66.73,66,35.82,26.55,60,70.09,3
81,Bottiglia,Concrete,Conc_in,74.64,70,57.09,56.27,26.18,34.73,56.91,74.64,2
81,Causa,Abstract,PS,76.36,78.55,62.09,64.45,44,30.91,63.36,67.64,3
81,Gallo,Concrete,Conc_an,77.91,78.45,73.64,64.36,44.82,23.27,63.64,77.82,3
81,Gara,Abstract,PSTQ,83.45,85.64,59.36,77.09,65.73,16.55,74.27,71.82,3
81,Silenzio,Abstract,EM,77.18,56.55,50.36,56,33.45,71.55,51.73,63.64,2
81,Tavolo,Concrete,Conc_in,72.18,70.55,58.55,60.36,26.18,31.27,55.64,71.45,2
82,Abitudine,Abstract,SS,83.27,83.18,96.64,95.73,98,2.09,94.36,96.55,3
82,Aereo,Concrete,Conc_in,72.36,72.45,48.82,94.64,97.64,4.18,96.18,95.64,1
82,Bottiglia,Concrete,Conc_in,84.55,85.82,97.27,97.36,97.27,4.64,94.55,96.18,3
82,Causa,Abstract,PS,87.73,90,99.36,98.73,99.45,98.91,98.73,99,3
82,Gallo,Concrete,Conc_an,83.45,82.45,94.91,94.27,96.55,3.45,94.91,95.64,3
82,Gara,Abstract,PSTQ,70.36,71.09,73.64,97.91,62.45,9.64,84.45,90.27,2
82,Silenzio,Abstract,EM,81.91,79.09,98.55,99,100,4.18,99,97.64,3
82,Tavolo,Concrete,Conc_in,86.27,80.55,87.64,96.82,98,4,94.45,93.27,3
83,Abitudine,Abstract,SS,47.82,40.36,73.09,70,76.73,43.64,66.45,73,3
83,Aereo,Concrete,Conc_in,50.09,38.82,81.36,77.82,73.82,80.73,75,77.55,4
83,Bottiglia,Concrete,Conc_in,40.82,43.18,73.45,75.36,50.82,69.82,71.36,75.27,3
83,Causa,Abstract,PS,52.18,39.64,37.45,69.18,39.18,87.64,69.91,75.09,4
83,Gallo,Concrete,Conc_an,45.45,39.36,76.64,75.91,78.64,60,73.36,76.45,4
83,Gara,Abstract,PSTQ,50.27,39.27,74.27,70.73,62.27,17,70.27,74.09,3
83,Silenzio,Abstract,EM,44.64,27.91,60.91,76.73,39,76.45,57.73,69.73,2
83,Tavolo,Concrete,Conc_in,45.64,38.55,72.09,70.64,60.27,83.91,73.09,77.27,3
84,Abitudine,Abstract,SS,86.91,83.82,98.18,98.27,99.55,0.73,98.64,98.73,5
84,Aereo,Concrete,Conc_in,46.27,55.09,39.36,98.73,10.91,76.91,99.45,97.36,2
84,Bottiglia,Concrete,Conc_in,93.82,96,92.45,97.55,94.64,6.73,96.55,98.45,5
84,Causa,Abstract,PS,82,84.73,87.09,98.82,93.36,15.36,98.55,98.36,5
84,Gallo,Concrete,Conc_an,84.64,91.45,97.73,98.09,93.64,6,96.36,97,5
84,Gara,Abstract,PSTQ,85.27,86.64,93.18,98.55,77.73,21.55,98.82,98.64,5
84,Silenzio,Abstract,EM,23,59.91,49.82,93.09,58.45,8.55,83.36,82.55,4
84,Tavolo,Concrete,Conc_in,92.82,91.64,98.36,98.64,98.55,97.91,98.45,97.55,6
85,Abitudine,Abstract,SS,9.64,15.73,24.64,85.64,95.64,9.45,70.27,57.82,1
85,Aereo,Concrete,Conc_in,43.82,43.55,76.73,67.27,74.45,7.91,48.18,49.73,5
85,Bottiglia,Concrete,Conc_in,36.91,44.82,33.73,55.27,42.45,20,50.73,49.55,2
85,Causa,Abstract,PS,3.36,2.09,18.45,73.45,83.64,13,70.73,31.73,1
85,Gallo,Concrete,Conc_an,47.82,44.18,70,69.55,68.55,7.73,50.73,50.73,4
85,Gara,Abstract,PSTQ,38.82,40.55,71.82,58,80.27,6.09,52.36,64.36,2
85,Silenzio,Abstract,EM,21.36,63.09,71.09,72.55,85.55,6.73,62.18,66.91,4
85,Tavolo,Concrete,Conc_in,35,29.91,39.91,51.18,61.45,29.73,50.27,50,3
86,Abitudine,Abstract,SS,76.36,84.18,88.64,95.18,97.82,0.18,98.09,92.64,2
86,Aereo,Concrete,Conc_in,87,84.36,91.09,94.27,91.64,0.27,96.64,96.09,3
86,Bottiglia,Concrete,Conc_in,66.27,57.73,25.64,92.09,42.64,0.55,92.09,92.45,2
86,Causa,Abstract,PS,80.82,87.27,99.36,98.73,98.18,0.36,99.09,98.36,2
86,Gallo,Concrete,Conc_an,79.36,78.73,85.45,96.73,94.91,0.27,92.82,93.82,3
86,Gara,Abstract,PSTQ,89.73,91.91,98.82,99.09,98.73,0.18,99.27,92.36,4
86,Silenzio,Abstract,EM,66.91,71.36,96.18,97.27,96,0.82,90.91,93.45,3
86,Tavolo,Concrete,Conc_in,70.27,69.91,74.45,97.55,86.73,0.36,376,84.18,2
87,Abitudine,Abstract,SS,38.09,50.82,52.55,52.91,19.45,55.64,42.64,52.45,3
87,Aereo,Concrete,Conc_in,60.27,21.55,17.18,33.91,52.91,15.55,54.55,39.64,2
87,Bottiglia,Concrete,Conc_in,33.73,43.36,31.91,48.09,23.09,44.27,49.36,48.73,3
87,Causa,Abstract,PS,70,74.64,51.55,63.64,53.27,55,61.45,65.64,1
87,Gallo,Concrete,Conc_an,37.73,34.27,20.18,47.82,45.18,20.64,44.55,56.91,2
87,Gara,Abstract,PSTQ,66.73,66,19.18,18.55,16.09,45.09,53,54.18,1
87,Silenzio,Abstract,EM,19.82,63.73,25,47.09,46.27,50.36,46.64,49.18,2
87,Tavolo,Concrete,Conc_in,61,38.64,41.73,50.64,42.91,26.73,52.82,55.18,3
88,Abitudine,Abstract,SS,76.09,70.82,66.18,73.09,81.18,74.36,74.55,75.36,3
88,Aereo,Concrete,Conc_in,82.91,85.91,55.18,54.64,57,14.36,47.09,52.09,3
88,Bottiglia,Concrete,Conc_in,90.18,89.91,78.09,74.36,68.64,11,70.36,74,5
88,Causa,Abstract,PS,90.36,87.73,81.55,82,85.64,9.73,81.73,79.36,4
88,Gallo,Concrete,Conc_an,93.82,95.45,88.82,91.18,61.36,2.91,83.55,88.45,6
88,Gara,Abstract,PSTQ,86.73,87.36,85.91,82.27,82.36,8.27,84.82,86.91,4
88,Silenzio,Abstract,EM,72.91,70.36,76.27,70.82,79,21.91,69.73,71.09,2
88,Tavolo,Concrete,Conc_in,86.36,87,75.18,78.91,49.73,13.36,56,57.27,4
89,Abitudine,Abstract,SS,77.18,73.36,60.18,98.82,79.55,9.45,94,95.36,2
89,Aereo,Concrete,Conc_in,80.64,81.73,44.18,57.82,54.91,48.36,81.36,77,2
89,Bottiglia,Concrete,Conc_in,88.55,83.45,69.27,67.09,56.55,20.82,74.73,61.55,3
89,Causa,Abstract,PS,88,82.18,70.09,82.36,66.55,9.73,91.18,90,3
89,Gallo,Concrete,Conc_an,90.55,89.45,85.09,67.55,81.18,9.27,87.18,78.45,4
89,Gara,Abstract,PSTQ,85.18,83.09,84.18,99.18,99.55,26.09,99.36,77.45,3
89,Silenzio,Abstract,EM,82.91,82.64,74.36,84.36,58.91,10.55,83.27,84.55,3
89,Tavolo,Concrete,Conc_in,90.55,88.36,87.82,71,65.36,5.55,79.82,82.91,4
90,Abitudine,Abstract,SS,74.55,77.36,56.27,53.73,40.09,13.91,68.82,80.18,2
90,Aereo,Concrete,Conc_in,42.36,30,18,81.91,48.27,69,77.55,54.36,1
90,Bottiglia,Concrete,Conc_in,63.36,62,56.09,83.55,85.27,30.27,78.82,74.45,3
90,Causa,Abstract,PS,62.73,61.09,58.27,77.36,81.18,13.27,80.36,78,2
90,Gallo,Concrete,Conc_an,30.45,25.09,16,79.91,37.91,65.09,95.45,13.27,1
90,Gara,Abstract,PSTQ,84.09,79.64,80.36,79.27,80.82,17.27,79.64,76.64,3
90,Silenzio,Abstract,EM,85,82.36,71.27,76.09,81.91,13.45,87.64,83.55,3
90,Tavolo,Concrete,Conc_in,24.64,16.45,17,83.91,81.55,29.73,86,52.18,1
91,Abitudine,Abstract,SS,38.45,32.82,21.27,73,10,84.64,76.82,50.36,3
91,Aereo,Concrete,Conc_in,38.82,40.18,58,64.91,59.55,34,61.91,60.82,4
91,Bottiglia,Concrete,Conc_in,42.91,43,67.45,58.27,54.73,78.82,69.27,76.18,4
91,Causa,Abstract,PS,45.55,24,31,48.73,8.27,73.27,37.91,69.91,2
91,Gallo,Concrete,Conc_an,38.73,38.45,58.91,57.09,64.91,36.55,64.45,64.18,3
91,Gara,Abstract,PSTQ,41.27,38.55,57.82,49.82,40.82,24.73,61,48.18,3
91,Silenzio,Abstract,EM,34.82,31.73,19.36,46.73,40.82,30.18,47.55,47.55,3
91,Tavolo,Concrete,Conc_in,27,26.82,41,65.73,37.27,78.82,57.09,60.18,3
92,Abitudine,Abstract,SS,84.09,79.27,23.82,17.18,75.55,72.36,37,50.27,5
92,Aereo,Concrete,Conc_in,89.27,89.18,86.73,85.64,84.27,8.91,84.27,83.91,6
92,Bottiglia,Concrete,Conc_in,87.73,90.45,90.91,92.45,94.36,5.55,92.45,95.27,6
92,Causa,Abstract,PS,83.18,77,83.18,88.82,78.82,10.09,80.18,27.45,5
92,Gallo,Concrete,Conc_an,82.27,84.55,77.64,76.36,65.73,11.18,87.73,71.91,4
92,Gara,Abstract,PSTQ,88.09,88.82,73.64,64.18,65.09,5.27,69.82,74.55,5
92,Silenzio,Abstract,EM,85.73,85,70.18,62,90.64,58,68.55,64,5
92,Tavolo,Concrete,Conc_in,88.64,88.64,88.18,81,84.27,9.18,85.18,85.82,6
93,Abitudine,Abstract,SS,93.82,93.18,91.64,99.36,99.55,0.64,72,92.82,5
93,Aereo,Concrete,Conc_in,87.36,84.18,52.91,99.73,47.73,35.91,99.36,99.55,2
93,Bottiglia,Concrete,Conc_in,87.09,82.64,52.18,99.64,68.27,31.18,99.18,99.64,3
93,Causa,Abstract,PS,90.82,90.73,84.09,99.82,95.64,1,97.55,78.36,4
93,Gallo,Concrete,Conc_an,78.27,76.27,1.55,96.64,9.09,80.18,85.36,83.73,2
93,Gara,Abstract,PSTQ,93.64,93.27,99.73,99.82,99.73,0.09,100,99.73,5
93,Silenzio,Abstract,EM,93,94,99.73,99.27,99.73,1.36,99.18,98.73,6
93,Tavolo,Concrete,Conc_in,84.91,80.55,8.45,97.73,40.27,43.82,71.82,77.36,4
94,Abitudine,Abstract,SS,43.36,48.09,96.45,95.27,96.45,24.82,97.45,95.73,4
94,Aereo,Concrete,Conc_in,40.09,48.55,64.73,76.73,51.45,42.64,84.27,91,3
94,Bottiglia,Concrete,Conc_in,48,43.82,64.36,73.82,36,49.73,81.18,83.91,3
94,Causa,Abstract,PS,45.64,46.09,81.64,76.27,64.18,78.27,82.27,81.91,3
94,Gallo,Concrete,Conc_an,38.82,30.82,14.55,44.55,19.91,63.18,65.64,64.45,2
94,Gara,Abstract,PSTQ,50.27,45,97.64,93.27,83.91,32.36,93.09,93.36,4
94,Silenzio,Abstract,EM,51.82,45.91,86.18,88.45,79.09,31.91,89.73,89.64,4
94,Tavolo,Concrete,Conc_in,35.27,38,27.91,48.45,47.18,51.55,60.09,65.73,2
95,Abitudine,Abstract,SS,40.82,32.36,87.55,87.82,85,95.73,77.55,86.55,3
95,Aereo,Concrete,Conc_in,44.55,34.09,85.64,80.64,66.82,84.82,83.91,87.09,3
95,Bottiglia,Concrete,Conc_in,46.82,36.55,67.27,82.27,53.27,40.18,70.55,65.27,2
95,Causa,Abstract,PS,33.27,23.91,60.55,62.55,59.82,57.91,53.64,75.73,3
95,Gallo,Concrete,Conc_an,45,31,52.27,63.91,47.45,54.91,58.18,68.27,2
95,Gara,Abstract,PSTQ,53.09,36.82,93.18,97.18,82.64,43.27,98.09,97.45,3
95,Silenzio,Abstract,EM,53.18,34.55,98.45,97.73,95.45,36.55,92.55,91.27,3
95,Tavolo,Concrete,Conc_in,43.64,27,93.45,96.91,96,30.27,84.27,85.55,3
96,Abitudine,Abstract,SS,66.73,70.82,57.09,98.45,97.27,36,98.64,60.55,2
96,Aereo,Concrete,Conc_in,74.36,79.45,82.09,100,92.45,22.36,99.91,91.73,3
96,Bottiglia,Concrete,Conc_in,64.36,65.18,62,77.91,67.09,37.82,82.45,82.27,2
96,Causa,Abstract,PS,69.55,72.36,63.64,97,99.55,11.73,99,97.91,2
96,Gallo,Concrete,Conc_an,50.64,54.64,40,70.45,45.73,68.36,70.82,69.18,2
96,Gara,Abstract,PSTQ,68.55,73.82,66.36,99.36,98.36,24.18,99.18,69.73,2
96,Silenzio,Abstract,EM,74.82,76,33.82,81.91,77.82,33.45,80.55,72.55,2
96,Tavolo,Concrete,Conc_in,76.18,78.55,87.55,90.91,99.55,15,88.73,86.73,3
97,Abitudine,Abstract,SS,66.91,61.09,48,60.91,39.36,70.45,53.91,61.27,3
97,Aereo,Concrete,Conc_in,73.55,71.45,48.09,64.36,55.36,18.27,74.09,80,3
97,Bottiglia,Concrete,Conc_in,60.91,53.18,26.45,153.64,46.27,30.09,64.73,53.36,3
97,Causa,Abstract,PS,70.18,65.91,19.64,60.91,22,91.73,55.64,49.45,3
97,Gallo,Concrete,Conc_an,88,86.09,88.27,70.45,58.82,2.64,75,90.82,5
97,Gara,Abstract,PSTQ,76.18,69.09,56.82,78.91,47,61.45,48.73,81.55,3
97,Silenzio,Abstract,EM,82.27,76.27,62.73,74.91,59.36,50.55,74.18,66.45,5
97,Tavolo,Concrete,Conc_in,85.27,83.09,66.73,73,51.73,9.91,69,79,4
98,Abitudine,Abstract,SS,94.09,95.09,97.82,99.64,100,0.18,50.55,50,3
98,Aereo,Concrete,Conc_in,91.18,92.18,99.64,99,98.91,1.09,51.82,50.73,3
98,Bottiglia,Concrete,Conc_in,93.18,92.09,84.64,98,98.45,0.91,50.55,50.45,3
98,Causa,Abstract,PS,92.64,92.18,20.73,80.09,8.36,61.64,48.64,48.55,3
98,Gallo,Concrete,Conc_an,92.91,93.45,88.64,86.73,99.55,7.64,49.45,49.91,3
98,Gara,Abstract,PSTQ,88.09,83.27,78.09,99.18,93.09,1,99.64,99.64,2
98,Silenzio,Abstract,EM,94.91,96,99.36,82.64,99.27,5.36,49.27,49.27,3
98,Tavolo,Concrete,Conc_in,92,92.09,75.91,86.82,98.36,1.09,52.82,52.09,3
99,Abitudine,Abstract,SS,84.91,78.91,47.27,49.27,31.64,11.91,48.73,49.55,3
99,Aereo,Concrete,Conc_in,83.64,83.27,23.73,46.82,14.27,23.64,48.09,47.64,3
99,Bottiglia,Concrete,Conc_in,78.09,65.64,25.55,42.36,12.36,15.18,48,46.82,2
99,Causa,Abstract,PS,88.09,81.91,40.82,48.18,22.55,17.36,49.91,48.36,4
99,Gallo,Concrete,Conc_an,82.73,83,37.64,47.91,21.45,21.18,49.64,49.64,3
99,Gara,Abstract,PSTQ,85.36,83.18,34,47.18,16.82,12.73,49.09,48.45,4
99,Silenzio,Abstract,EM,83.55,81.18,70.36,48.45,5.73,5.27,49.45,48.55,3
99,Tavolo,Concrete,Conc_in,86.82,82.27,32.36,46.45,22.27,14.73,48.18,48,3
100,Abitudine,Abstract,SS,82.91,91,99.64,99.64,99.64,0.82,99.73,99.73,6
100,Aereo,Concrete,Conc_in,50.09,46.18,63.18,99.18,61.64,14.09,99.09,91.36,3
100,Bottiglia,Concrete,Conc_in,70.91,61.45,67,98.55,73.18,49,99.18,80,5
100,Causa,Abstract,PS,94.64,94.73,99.45,99.09,99.27,0.91,99.18,99.55,6
100,Gallo,Concrete,Conc_an,50.36,51.64,52.82,92.55,90.82,43.64,97.18,52.36,4
100,Gara,Abstract,PSTQ,97.18,97.91,99.73,99.82,98.27,0.36,99.45,99.73,6
100,Silenzio,Abstract,EM,43.55,59.18,93.27,99.36,92.36,4,98.82,99.27,5
100,Tavolo,Concrete,Conc_in,57.91,46.27,74,99.55,71,15,99.64,99.18,4
101,Abitudine,Abstract,SS,49.55,26.09,58.64,57.09,49.64,16,53.09,36.27,4
101,Aereo,Concrete,Conc_in,46.45,28.82,48.45,56.18,24.36,45.64,47.55,49.09,4
101,Bottiglia,Concrete,Conc_in,39.18,25.36,50.73,46.91,8.36,61.18,49.73,43.73,4
101,Causa,Abstract,PS,51.27,34.91,45.91,50,52.09,44.91,49.09,45.45,4
101,Gallo,Concrete,Conc_an,50.36,27.36,46.82,49.45,48.91,74.18,46,46.45,3
101,Gara,Abstract,PSTQ,46.09,22.82,63,62.91,54.55,15.55,49.27,40.64,4
101,Silenzio,Abstract,EM,51.18,25.36,56.64,57.73,54.64,18.55,52.55,41.36,4
101,Tavolo,Concrete,Conc_in,50,31,55.36,61.09,54.64,28.09,50,49.55,4
102,Abitudine,Abstract,SS,84.18,84.45,66.18,66.18,67.09,7.55,76.18,74.36,3
102,Aereo,Concrete,Conc_in,78,76.18,63.09,66,67.55,25.45,69.91,74.73,3
102,Bottiglia,Concrete,Conc_in,76.91,72.18,27.64,65.55,13.09,67.09,71.82,76.45,2
102,Causa,Abstract,PS,84.82,83.82,58.55,82.45,8.27,85.91,88.64,9.18,3
102,Gallo,Concrete,Conc_an,68.91,69.45,28.55,74.55,17.09,65,28.91,76.36,2
102,Gara,Abstract,PSTQ,74.64,78,53.64,75.27,83,61.91,76.82,71.09,3
102,Silenzio,Abstract,EM,71.45,73.64,60.09,21.82,50.36,60.82,35.82,77.09,2
102,Tavolo,Concrete,Conc_in,70.91,69.91,6.91,77.36,12,66.18,66.64,16.82,2
103,Abitudine,Abstract,SS,83.73,86.36,72.55,72.27,32.09,10.91,76.45,78.09,4
103,Aereo,Concrete,Conc_in,82.55,86.64,70.36,86.45,34.55,26.91,83.18,88.18,4
103,Bottiglia,Concrete,Conc_in,86.73,87.36,78.27,86.55,53.64,31.64,82.45,85.18,4
103,Causa,Abstract,PS,82.36,87.91,61.45,58.82,27.55,7.45,71.55,71.45,4
103,Gallo,Concrete,Conc_an,63.36,67.55,79.73,78.36,44.09,7.45,79.18,86,4
103,Gara,Abstract,PSTQ,84.73,82.73,73.36,52.27,34.73,7,76.55,78.18,4
103,Silenzio,Abstract,EM,82.91,80.64,59.64,67,16.45,16.82,74.73,74.64,4
103,Tavolo,Concrete,Conc_in,87.64,86.73,78.27,90,29.82,15.64,81.91,84.27,4
104,Abitudine,Abstract,SS,83.09,85.73,58,53.45,66.27,31.82,57.27,50.82,2
104,Aereo,Concrete,Conc_in,77.55,83.18,9.27,58.73,4.55,2.55,68.36,32.55,3
104,Bottiglia,Concrete,Conc_in,83.64,82.91,5.91,75.82,80.82,68.36,19,60.82,3
104,Causa,Abstract,PS,82,84.45,29.55,49.27,26.82,57.09,66.82,44.91,2
104,Gallo,Concrete,Conc_an,81.09,80.18,46.09,49,42.27,36.45,69.73,37.73,3
104,Gara,Abstract,PSTQ,82.45,89.45,37.82,58.73,56.36,35.36,65.45,38.45,2
104,Silenzio,Abstract,EM,86.64,88.91,68,50.55,64,31.91,70.64,70.27,3
104,Tavolo,Concrete,Conc_in,80.91,81.45,21.82,54,28.82,33.09,37.73,57.09,3
105,Attenzione,Abstract,SS,88.27,87.91,97.18,97.55,93.09,1.09,90.36,95,4
105,Cactus,Concrete,Conc_an,81.27,86.18,87.64,91.09,69.09,49,90.91,87.27,3
105,Insalata,Concrete,Conc_an,89.27,92.91,98,96.82,94.82,0.09,97.18,97.45,6
105,Orgoglio,Abstract,EM,85.36,88.64,95.18,95.36,93.73,2.09,93.45,88.36,5
105,Pentola,Concrete,Conc_in,86.45,86.18,92.55,92.18,93.09,0.82,95,94.36,5
105,Quaderno,Concrete,Conc_in,87.18,87.36,96,94.27,98,1.91,92.45,94.82,3
105,Somma,Abstract,PSTQ,75.64,56.45,63,97.55,58.18,17.36,89.45,88.36,2
105,Tendenza,Abstract,PS,86.73,82,97.45,97,95.09,3.45,89.64,82.18,3
106,Attenzione,Abstract,SS,81.36,84.73,40.45,35,8,0,49.73,48.82,1
106,Cactus,Concrete,Conc_an,40.91,17.09,38.82,72.91,35.73,0.18,70,79.82,1
106,Insalata,Concrete,Conc_an,31.45,37.55,56.82,69.27,99.82,3.45,88.36,88.73,2
106,Orgoglio,Abstract,EM,34.91,18.82,32,66.64,38.18,0,69,69.82,1
106,Pentola,Concrete,Conc_in,37,39.27,69.45,81.73,94.55,2.64,68.36,70.73,3
106,Quaderno,Concrete,Conc_in,36.82,45.45,89.36,69.36,99.55,0.45,96.45,75.73,3
106,Somma,Abstract,PSTQ,63.36,91.73,12.36,38.27,6,0.27,78.64,48.64,1
106,Tendenza,Abstract,PS,44.36,37.73,32.82,12.09,52.27,1.09,75.82,73.09,2
107,Attenzione,Abstract,SS,77.27,74.18,75.18,78.45,21.82,6.91,66.91,73.73,4
107,Cactus,Concrete,Conc_an,32.36,36.82,7.82,58.18,5.64,7.27,59,42.27,2
107,Insalata,Concrete,Conc_an,31.45,23.36,55.55,49.27,12.27,4.64,54.64,53.36,2
107,Orgoglio,Abstract,EM,75.73,78.55,65.36,80.82,60.09,8.36,85.27,84.82,4
107,Pentola,Concrete,Conc_in,7.09,8,5.27,27.55,11.82,3.27,46.73,44.09,1
107,Quaderno,Concrete,Conc_in,51.73,46.91,20.09,31.82,17.91,10.55,62.91,55.45,2
107,Somma,Abstract,PSTQ,78.73,81.73,64.45,74,53.55,8.18,78.27,78.73,4
107,Tendenza,Abstract,PS,81.55,74.55,83.55,77.82,81,13.91,79.09,81,5
108,Attenzione,Abstract,SS,86.91,88.64,94.64,98.73,96.82,20.18,98.73,98.18,5
108,Cactus,Concrete,Conc_an,18.18,0.27,11.64,96.82,96.36,79.82,97,13,2
108,Insalata,Concrete,Conc_an,75.36,81.91,83.91,99.36,97.64,32.91,98.64,98.64,4
108,Orgoglio,Abstract,EM,92.09,94.27,96.82,99.09,98,21.27,99,98.73,5
108,Pentola,Concrete,Conc_in,59.73,51.09,65.91,98.64,97.36,47.45,97.18,97,3
108,Quaderno,Concrete,Conc_in,82.91,88.36,84.82,97.91,92.82,26,98,98.91,4
108,Somma,Abstract,PSTQ,93.91,96,99.18,99.09,99.64,17.91,99,99.09,5
108,Tendenza,Abstract,PS,85.91,84.45,97.18,99.91,97.45,29.36,96.09,97.18,4
109,Attenzione,Abstract,SS,83.36,85.73,97.91,99.09,98.45,59.91,99.82,73.27,2
109,Cactus,Concrete,Conc_an,83.09,84.45,86.09,99.55,99.18,2.09,99,76.64,2
109,Insalata,Concrete,Conc_an,81.55,82,65.09,98.73,92.09,23.55,99,65.45,2
109,Orgoglio,Abstract,EM,92.45,92.64,98.82,98.27,99.73,20.27,99.09,61.18,3
109,Pentola,Concrete,Conc_in,83.73,83.36,60.82,99.36,98.91,83.45,98.18,93.36,2
109,Quaderno,Concrete,Conc_in,87.27,86.36,71.64,96.45,69.73,5.18,99.73,91.82,2
109,Somma,Abstract,PSTQ,85.27,87.09,95.55,99.55,98.55,99.18,99.09,93.27,2
109,Tendenza,Abstract,PS,86.27,87.64,64.82,88.36,99.27,4.09,74.55,96.91,2
110,Attenzione,Abstract,SS,68.82,68.36,65.18,88.27,65.91,7.73,50.18,50.55,2
110,Cactus,Concrete,Conc_an,72,70.91,51.45,78,23.09,19.82,52.27,52.36,2
110,Insalata,Concrete,Conc_an,75.82,70.64,50.09,79,69.45,15.36,51,51.55,2
110,Orgoglio,Abstract,EM,72.73,72.55,75.18,77,70.45,12.55,50.18,50.45,3
110,Pentola,Concrete,Conc_in,69.91,68.82,52.73,80.18,59.82,17.36,52.36,52.55,2
110,Quaderno,Concrete,Conc_in,73.64,66.73,53.73,82.91,64.55,18.73,66,52.82,2
110,Somma,Abstract,PSTQ,64.82,64.18,52.09,73.64,54.18,16.82,52.36,51.82,2
110,Tendenza,Abstract,PS,74.73,69.09,70.73,80.27,73.45,16.73,50.36,50.27,3
111,Attenzione,Abstract,SS,0.82,0.73,50.82,49.91,48.91,50.09,49.55,50,1
111,Cactus,Concrete,Conc_an,3.27,23.09,51.36,49.82,37.64,38.18,53.73,27.27,1
111,Insalata,Concrete,Conc_an,14.18,15.73,43.45,46.91,32.36,35.45,45.36,44.45,2
111,Orgoglio,Abstract,EM,4,2.55,46.73,47.82,46.18,46.45,46.45,45.55,1
111,Pentola,Concrete,Conc_in,19.55,33.82,48.82,48.45,34.45,31.91,55.73,51.91,2
111,Quaderno,Concrete,Conc_in,32.64,32.45,49.82,47.55,44.09,47.91,48.36,48.82,2
111,Somma,Abstract,PSTQ,55.45,48,47.55,48.82,46.91,47.18,48.27,48.36,4
111,Tendenza,Abstract,PS,4.27,1.36,47.27,48.82,44.18,48.09,48.18,48.45,1
112,Attenzione,Abstract,SS,43.09,37.18,96.45,99.09,90.09,0.55,98.45,98.55,3
112,Cactus,Concrete,Conc_an,31.55,19.82,52.18,78.64,75.82,4.55,99.36,99.36,1
112,Insalata,Concrete,Conc_an,26.64,23.82,49.91,92.82,56.45,1.27,83.73,62.64,1
112,Orgoglio,Abstract,EM,31.91,34.73,95.09,98.27,96.27,0.36,98.82,98.36,2
112,Pentola,Concrete,Conc_in,38.36,29.09,91.36,99.09,78.45,1.73,97.73,99.09,2
112,Quaderno,Concrete,Conc_in,39.82,37.09,85.27,97.82,89.73,0.45,99.64,99.45,3
112,Somma,Abstract,PSTQ,40.73,43.36,98.09,95.45,88.73,7.36,93.27,98.36,3
112,Tendenza,Abstract,PS,33.91,34.27,97.45,99.73,83.55,0.18,99.64,99.73,3
113,Attenzione,Abstract,SS,73.64,72.55,55.91,77.64,64.09,18.18,68.18,72.91,4
113,Cactus,Concrete,Conc_an,0.55,0.27,47.91,1.36,4.36,77.09,49.27,49.55,1
113,Insalata,Concrete,Conc_an,51.45,48.73,44.45,49.91,14.09,30.09,56.45,59.45,2
113,Orgoglio,Abstract,EM,73.55,79.45,67.73,82.73,83,31,73.82,63.73,4
113,Pentola,Concrete,Conc_in,54,55,66,51.45,65.73,14.18,51.09,49.18,3
113,Quaderno,Concrete,Conc_in,31.91,28.18,63.55,17,21.73,14.27,59.91,55.36,2
113,Somma,Abstract,PSTQ,67.91,68,49.27,53.18,38.09,30.82,48.36,50.36,3
113,Tendenza,Abstract,PS,79.73,83.55,89.09,90.91,83.82,9.36,83.91,84.36,6
114,Attenzione,Abstract,SS,69.73,74.73,52,51.91,16,13.82,51.64,60.55,2
114,Cactus,Concrete,Conc_an,65.91,72.45,26.55,19.45,0.64,15.36,18.18,14.82,2
114,Insalata,Concrete,Conc_an,71.82,72.45,28.27,40.45,15.64,21.36,57.64,36.36,2
114,Orgoglio,Abstract,EM,70.64,69.64,59.36,63.55,57.45,51.45,61,59.82,3
114,Pentola,Concrete,Conc_in,71.09,72.45,23.55,30.64,1.18,23.27,18.27,40.73,2
114,Quaderno,Concrete,Conc_in,65.45,64.45,21,19.73,26.09,19.55,51.73,19.82,1
114,Somma,Abstract,PSTQ,70.36,71.45,55.45,61.82,62,29.18,53,54.09,3
114,Tendenza,Abstract,PS,73.55,75,76.64,75.45,73.18,26.64,51.55,51.18,3
115,Attenzione,Abstract,SS,51,52.91,41.36,31.91,48.64,27.18,54,51.45,3
115,Cactus,Concrete,Conc_an,79.55,77.64,65.27,24.36,49.73,51.55,50.55,50.64,6
115,Insalata,Concrete,Conc_an,93.09,95.91,71.91,55.82,76.73,27.73,56.64,57.45,5
115,Orgoglio,Abstract,EM,76.18,23.27,28.36,38.09,50.55,3.55,51,49.45,2
115,Pentola,Concrete,Conc_in,77.73,79.91,92.55,49.73,48.91,19.09,50.27,57,5
115,Quaderno,Concrete,Conc_in,51.91,49.18,53.36,53.36,52.55,51.82,53.73,55.73,4
115,Somma,Abstract,PSTQ,43.91,47.82,52.36,56.09,54.36,19.82,49.55,50,3
115,Tendenza,Abstract,PS,43.82,31.45,27.55,33.64,52.36,21.55,52,51.09,2
116,Attenzione,Abstract,SS,51.09,57.18,61.82,66.55,46.55,33.64,62.36,67,4
116,Cactus,Concrete,Conc_an,72.45,67,66.64,68.82,49.45,79.64,66.27,75.36,4
116,Insalata,Concrete,Conc_an,60.45,64.82,73.18,80.27,66.27,45.09,69.82,74.91,4
116,Orgoglio,Abstract,EM,53,47.91,28.73,60.82,71.55,73.27,19.64,71.09,2
116,Pentola,Concrete,Conc_in,69.64,67.45,72.64,79.82,35.82,61.73,75.36,74.73,4
116,Quaderno,Concrete,Conc_in,64.64,62.45,66.82,70.73,44.27,82.36,72.91,77.91,4
116,Somma,Abstract,PSTQ,64.27,64.73,65.18,57.18,68.73,26.82,57.18,65.18,3
116,Tendenza,Abstract,PS,43.82,46.27,52.27,63.36,65.18,57.64,64.36,66.73,3
117,Attenzione,Abstract,SS,80.36,78.82,83.73,82.91,84.09,13.91,83.18,84.82,5
117,Cactus,Concrete,Conc_an,82.09,79.09,64.82,44.55,56.73,22.09,48.73,68.36,4
117,Insalata,Concrete,Conc_an,69.73,67.64,68.18,48.91,49.82,21.55,54.82,59.27,3
117,Orgoglio,Abstract,EM,85.36,82.73,93.27,92.64,93.27,8.09,91.09,92.18,5
117,Pentola,Concrete,Conc_in,57.64,57.18,65.18,33.73,25.18,14.45,46.18,44.91,2
117,Quaderno,Concrete,Conc_in,79.64,79.55,76,77.18,74.82,15.09,78.64,80.09,4
117,Somma,Abstract,PSTQ,75.36,67,73.18,59.27,87.45,39.82,71.18,66,4
117,Tendenza,Abstract,PS,85.18,86.36,78.09,63.18,69.55,17.27,69.64,75.18,5
118,Attenzione,Abstract,SS,58.36,62.36,97.91,98.18,98.64,15.18,98.64,97.64,2
118,Cactus,Concrete,Conc_an,69.82,66.73,92.55,97.82,88.55,37.64,98.82,98.73,3
118,Insalata,Concrete,Conc_an,67.09,56.18,60.27,94.27,60.27,30.45,93.27,90,1
118,Orgoglio,Abstract,EM,48.82,46.82,80.73,94.73,92.91,37.45,95.09,93.73,1
118,Pentola,Concrete,Conc_in,74.73,7.64,91.09,94.55,65.27,22.73,87.09,84.36,2
118,Quaderno,Concrete,Conc_in,66.91,65.73,81.27,97.64,74.73,19.64,98.64,96.18,2
118,Somma,Abstract,PSTQ,57.64,57.55,62.45,95.18,90.18,60.82,98.64,92,2
118,Tendenza,Abstract,PS,59.36,55.82,76.73,93.45,92.09,43.64,97,92.82,2
119,Attenzione,Abstract,SS,49,49,90,49,90.36,17,97.55,94.73,5
119,Cactus,Concrete,Conc_an,19.45,11.18,19.91,39.64,5.09,64.09,46.91,77.64,1
119,Insalata,Concrete,Conc_an,24.82,61,89.45,92.36,53.55,1.55,98.18,99,3
119,Orgoglio,Abstract,EM,85.91,87.73,75.18,66,96.09,21.64,75.36,96.82,6
119,Pentola,Concrete,Conc_in,36.73,50.27,48.27,77.91,18.36,62.73,86.64,15.55,3
119,Quaderno,Concrete,Conc_in,40.18,34.91,47.18,55.09,24.18,41.09,56.91,27.91,4
119,Somma,Abstract,PSTQ,93.91,91.64,81.36,11.09,78.64,3.82,80.82,96.09,4
119,Tendenza,Abstract,PS,83.45,76.91,87.09,49,65.36,4.64,97.91,97.27,5
120,Attenzione,Abstract,SS,41.55,41.55,73.55,74,72.64,37.45,71.36,70.55,3
120,Cactus,Concrete,Conc_an,65.27,66.73,77.55,80.36,86.36,33,76.64,74.36,3
120,Insalata,Concrete,Conc_an,72.91,49.45,60.91,88.09,54.55,17.36,93.09,94.91,4
120,Orgoglio,Abstract,EM,46.73,41.64,69.91,85.09,87.36,61.55,77.18,77.36,3
120,Pentola,Concrete,Conc_in,49.27,51.82,76.73,76.36,76.73,81.64,84.91,87.64,4
120,Quaderno,Concrete,Conc_in,50.36,42,72.55,85.18,72.91,65,83.91,84.73,4
120,Somma,Abstract,PSTQ,48.91,44.64,76.27,75.55,77.36,17.73,66.18,69.64,3
120,Tendenza,Abstract,PS,64.55,60.09,61.55,70,67.91,65.45,64.09,69.91,3
121,Attenzione,Abstract,SS,50.91,25.73,0.91,75.36,6.82,57.64,88.64,4.82,1
121,Cactus,Concrete,Conc_an,53.64,38.27,36.18,67.45,60.45,71.27,66.18,54.55,1
121,Insalata,Concrete,Conc_an,51.82,54.27,40.36,41.64,48.91,60.73,68.91,64.91,2
121,Orgoglio,Abstract,EM,56.55,10.91,22.82,66,26.82,57.64,79.73,26.36,1
121,Pentola,Concrete,Conc_in,55.27,46.45,56.18,59.09,57.82,58.36,49.91,49,2
121,Quaderno,Concrete,Conc_in,59.82,71.18,58.82,60.82,48.64,36.18,68.73,70.27,2
121,Somma,Abstract,PSTQ,80.09,72.45,37.73,61.45,17.73,33.55,68.45,66.82,2
121,Tendenza,Abstract,PS,74.36,67.91,25.91,66.64,11.09,11.18,74.91,19.27,2
122,Attenzione,Abstract,SS,40.91,60.09,64.09,52.45,60.36,58,52.64,67.55,5
122,Cactus,Concrete,Conc_an,74.55,77.55,58.82,73.27,47,6.36,75.45,71.27,5
122,Insalata,Concrete,Conc_an,56.55,66.27,42.91,63.64,56.45,11.27,66.64,34.18,5
122,Orgoglio,Abstract,EM,88.36,90.91,71.09,71.73,69.09,10.73,85.64,18.91,6
122,Pentola,Concrete,Conc_in,23,53.64,61.36,66.55,60.27,69.36,88.64,36.91,5
122,Quaderno,Concrete,Conc_in,37.18,57.45,67.09,95.82,56.45,6.82,72.27,21.18,6
122,Somma,Abstract,PSTQ,53,33,57.55,74.82,30.09,1.55,77,67.18,3
122,Tendenza,Abstract,PS,63.18,63.36,63.45,85,52.45,10.09,88.09,76.91,5
123,Attenzione,Abstract,SS,52.18,43,49.18,49.45,50.45,48.82,50.18,50,3
123,Cactus,Concrete,Conc_an,54.18,45.36,49.91,49.82,47.45,49.27,49.36,49.82,5
123,Insalata,Concrete,Conc_an,45.82,39.82,52.45,49.73,50,50.27,51.64,49.73,2
123,Orgoglio,Abstract,EM,52.18,51.36,48.82,50.18,49.64,49.82,50.27,50.91,5
123,Pentola,Concrete,Conc_in,48.18,52.55,55,55.91,54.27,57.45,54.91,56.73,3
123,Quaderno,Concrete,Conc_in,51.09,47.64,49.64,50.18,49.45,51.91,50.36,49.64,1
123,Somma,Abstract,PSTQ,52.09,46.45,50.27,51.09,48.91,50.82,50.91,51.82,3
123,Tendenza,Abstract,PS,52.55,55,50.09,49.45,63.18,50.36,49.73,49,4
124,Attenzione,Abstract,SS,37.64,37,31.82,60.18,51.55,78.09,77.91,70.45,2
124,Cactus,Concrete,Conc_an,74.36,79.45,87,70.73,23.55,22.55,77.82,85.09,5
124,Insalata,Concrete,Conc_an,94.82,95.18,95,87.18,79.55,11.09,87.36,93.91,6
124,Orgoglio,Abstract,EM,62.73,69.55,86.91,88.09,63.27,17.36,85.27,89.91,5
124,Pentola,Concrete,Conc_in,91.91,88.91,94.27,34.09,69.91,4.36,79.91,84.73,6
124,Quaderno,Concrete,Conc_in,93.45,91.91,89.55,57.36,79.36,11.27,91.18,92.55,6
124,Somma,Abstract,PSTQ,49.91,46.36,53.45,53.55,27.91,71.45,70.91,32.73,2
124,Tendenza,Abstract,PS,51.27,56.45,99.64,72.73,48.64,28.91,64.27,67.18,4
125,Attenzione,Abstract,SS,84.09,83.73,82.82,91.27,76.82,0.36,89.45,89.91,5
125,Cactus,Concrete,Conc_an,89,87.09,84.45,79.09,86.09,4.91,88.27,88.55,5
125,Insalata,Concrete,Conc_an,91,89.73,96.64,95.64,90,0,94.64,95.82,6
125,Orgoglio,Abstract,EM,87.27,86.64,91.18,92,77.55,0.45,90.27,84.73,5
125,Pentola,Concrete,Conc_in,91.18,90,96.09,94.55,91.18,0.36,94.27,94,6
125,Quaderno,Concrete,Conc_in,87,89.36,93.55,81.91,74.36,7.82,65.09,84.64,5
125,Somma,Abstract,PSTQ,78.64,78,72.82,80.18,65.09,3.91,86.45,83.82,4
125,Tendenza,Abstract,PS,82.73,82.91,84.09,86,65.64,0.55,96.18,89.82,4
126,Attenzione,Abstract,SS,79.36,77.91,70.09,49.82,7.82,14,51.64,46.18,3
126,Cactus,Concrete,Conc_an,83,78.73,61.45,59.55,33.36,19.73,51.64,49.18,4
126,Insalata,Concrete,Conc_an,81.82,83.27,68.09,40.64,25.36,8.73,55.45,53.18,5
126,Orgoglio,Abstract,EM,78.82,75.82,47.27,57.18,23.45,63.55,50.45,45.82,3
126,Pentola,Concrete,Conc_in,81,80.09,69.18,57.55,21.91,19,53.09,52.45,4
126,Quaderno,Concrete,Conc_in,80.45,80.73,69.36,55.82,21.64,8.18,50.27,50.64,4
126,Somma,Abstract,PSTQ,68.55,63.91,47.82,31.18,20.18,18.27,54.36,44.36,2
126,Tendenza,Abstract,PS,70,66.36,64.64,58.91,6.91,53.36,38.82,56.91,3
127,Attenzione,Abstract,SS,49.36,48.27,39.45,45.27,34.09,46.82,58,48.36,4
127,Cactus,Concrete,Conc_an,42.18,39.82,49.91,48.73,37.64,62.18,50.36,49.09,3
127,Insalata,Concrete,Conc_an,57.09,55.09,45.64,49.45,40.18,57.09,42,66,4
127,Orgoglio,Abstract,EM,55.27,45.18,48.18,57.73,29.64,48.82,47.18,48.91,4
127,Pentola,Concrete,Conc_in,46.82,46,58.73,61.91,49.36,28.45,63.09,58.27,4
127,Quaderno,Concrete,Conc_in,60.91,52.27,67.36,70.64,29,24.55,71.82,71.64,5
127,Somma,Abstract,PSTQ,38.45,36.27,43.27,46.55,59.36,30.45,33.91,45.36,2
127,Tendenza,Abstract,PS,56.55,49.45,47.09,46.18,27,47.45,47.09,47.82,3
128,Attenzione,Abstract,SS,91.55,89.82,81.18,86.64,80.55,7.55,87,88.09,5
128,Cactus,Concrete,Conc_an,52.27,31.09,48.09,47.55,26.36,14.45,46,47.36,2
128,Insalata,Concrete,Conc_an,88.82,86.73,76.64,81.18,72.27,8.09,64.18,71.73,6
128,Orgoglio,Abstract,EM,79.36,81.27,75.18,78,83.36,17.45,80.45,87.91,4
128,Pentola,Concrete,Conc_in,98.55,94.64,83.91,85.73,93.64,5.36,83.64,86,6
128,Quaderno,Concrete,Conc_in,92.09,88.64,86.36,84.82,70.18,4.64,65.36,72.18,6
128,Somma,Abstract,PSTQ,50.09,50.36,28.91,25.36,15.45,82.55,31.91,23.09,2
128,Tendenza,Abstract,PS,31.64,31.82,31.91,62.09,47.45,64.18,77.82,15.91,2
129,Attenzione,Abstract,SS,10.73,12.27,92.73,95.64,78.36,30.91,69.64,85,5
129,Cactus,Concrete,Conc_an,14.64,12.64,26.45,67.82,27.36,57,72.73,82,1
129,Insalata,Concrete,Conc_an,11.09,16.82,85.91,88.64,23.36,9.18,88.18,90,1
129,Orgoglio,Abstract,EM,32.09,25.27,51.55,71.18,58.45,64.45,90,76.82,3
129,Pentola,Concrete,Conc_in,34.64,34.55,74.73,86.82,45.91,26.91,89.27,85.45,2
129,Quaderno,Concrete,Conc_in,23.45,20.55,50,80.73,28.36,20,85.45,84.82,2
129,Somma,Abstract,PSTQ,7.91,8.64,24.45,77.64,53.73,8.91,81.18,82.09,1
129,Tendenza,Abstract,PS,3.18,3.18,1.27,74.09,44.64,2.73,86.64,86.64,1
130,Attenzione,Abstract,SS,86,83,83.82,88.64,86.45,8.73,89.18,84.82,3
130,Cactus,Concrete,Conc_an,88.55,86.45,87.09,87,79.45,19.82,79.27,82.73,4
130,Insalata,Concrete,Conc_an,78.18,77.82,63.45,68.18,60,99.09,68.91,85.36,2
130,Orgoglio,Abstract,EM,92.82,89.73,82.64,81.64,74.55,24.36,71.82,88.55,4
130,Pentola,Concrete,Conc_in,93.27,88.55,94,90.27,85.27,9.36,92.73,89.09,5
130,Quaderno,Concrete,Conc_in,82.36,77.64,83.36,85,74.09,66.73,77.91,79.82,3
130,Somma,Abstract,PSTQ,90.91,87.73,73,83.45,73.27,54.91,68.64,70.64,4
130,Tendenza,Abstract,PS,91,88.91,68.91,75.27,23.09,71.45,75.09,54.36,4
131,Attenzione,Abstract,SS,89.91,88.18,88,45.45,65.09,8.73,49.55,49.45,3
131,Cactus,Concrete,Conc_an,85.36,83,68.91,39.55,54.09,9.64,57.73,49,2
131,Insalata,Concrete,Conc_an,87.55,84.91,74.73,35.73,60.18,16.36,52.09,48.91,3
131,Orgoglio,Abstract,EM,76.18,78.09,49.45,45.45,96.36,51.27,45.09,60.73,2
131,Pentola,Concrete,Conc_in,83.73,82,50.64,46.91,45.36,18.09,49.64,49.55,2
131,Quaderno,Concrete,Conc_in,85.73,84,68.91,52.82,39.18,28.73,50.36,50.45,2
131,Somma,Abstract,PSTQ,86,82.64,81.73,41,68.82,30.55,59.64,61.27,3
131,Tendenza,Abstract,PS,81.82,86.36,70.55,40.18,42,15.09,53.73,53.09,3
132,Attenzione,Abstract,SS,93.64,93.55,60.91,60.55,70.36,9.36,72.64,78.82,6
132,Cactus,Concrete,Conc_an,69.45,73.91,55,54.45,4,2.18,58.82,59.09,5
132,Insalata,Concrete,Conc_an,56.18,54.27,48.45,49.18,16.27,19.45,48.91,50.36,3
132,Orgoglio,Abstract,EM,51.18,49.55,48.27,72.55,96.09,25.27,60.36,59.45,3
132,Pentola,Concrete,Conc_in,96.91,98.18,99,98.91,96.73,0.64,99.09,99.18,6
132,Quaderno,Concrete,Conc_in,86.64,87.45,87.73,85.36,76.91,0.55,77.18,80.45,6
132,Somma,Abstract,PSTQ,86.27,83.64,90,94.45,73.27,0.27,86.27,88,6
132,Tendenza,Abstract,PS,71.18,68.18,67.27,22.64,40.45,16.91,54.09,54.82,4
133,Attenzione,Abstract,SS,85.73,88.55,43.64,47.91,34.36,28.09,43.18,45.82,3
133,Cactus,Concrete,Conc_an,86.55,86.55,47.27,58,55.45,26.45,47.91,47.36,4
133,Insalata,Concrete,Conc_an,85.18,84.27,50.36,48.18,53,42,45.09,45.55,4
133,Orgoglio,Abstract,EM,84.82,80.73,32.82,44.18,55.36,52.18,42.09,51.82,3
133,Pentola,Concrete,Conc_in,87.09,88.91,50.45,39.91,46.55,23.45,28.91,64,3
133,Quaderno,Concrete,Conc_in,85.18,84,45,45.91,51.27,28.82,39.36,47.91,4
133,Somma,Abstract,PSTQ,84.36,87.45,64.45,56.55,48.64,21.18,52.82,62.45,4
133,Tendenza,Abstract,PS,86.55,87.45,55.91,35.45,61.91,52.91,56.64,56,3
134,Attenzione,Abstract,SS,83.45,83.82,70.55,62.45,71.82,13.09,69.36,63.55,4
134,Cactus,Concrete,Conc_an,81.18,81.27,56.64,59.09,66,33.82,69.55,70.27,3
134,Insalata,Concrete,Conc_an,80.55,81.64,60.18,50.45,61,39.36,62.18,62.45,3
134,Orgoglio,Abstract,EM,81.18,83.18,76.27,70.55,70.82,25.09,73.18,75,4
134,Pentola,Concrete,Conc_in,75,76.91,33.36,62.91,2.09,40.09,63.55,65.73,2
134,Quaderno,Concrete,Conc_in,77.82,80.18,57.55,60.09,63.82,44.55,60.09,63.18,3
134,Somma,Abstract,PSTQ,82.82,83.18,71.27,69.82,73.27,17.09,71.45,77.27,4
134,Tendenza,Abstract,PS,83.09,83.27,64.09,75.18,67.73,56.91,67.18,73.18,4
135,Attenzione,Abstract,SS,77.64,75.82,61.45,67.82,56.36,21.55,70.73,66.18,3
135,Cactus,Concrete,Conc_an,88.45,90.18,73.82,71.91,48.27,32.18,67.91,72.82,4
135,Insalata,Concrete,Conc_an,81.18,80,87.73,17.64,94.09,13.45,65.09,86.64,3
135,Orgoglio,Abstract,EM,80.82,80.09,76.91,83.73,85.73,17.45,77.64,77.64,2
135,Pentola,Concrete,Conc_in,89.45,89.36,86.64,81.18,71.55,7.55,74.64,79.82,4
135,Quaderno,Concrete,Conc_in,72.64,71.55,49.18,83.27,24.55,82.64,65.82,68.55,2
135,Somma,Abstract,PSTQ,85.27,83.64,77.09,79.55,60.18,11.55,74.36,81.18,4
135,Tendenza,Abstract,PS,91.36,89.18,87.64,81.45,85.64,10.91,85.82,87.36,4
136,Attenzione,Abstract,SS,84.82,81.18,49.45,51.09,60.82,29.36,50.55,48.55,3
136,Cactus,Concrete,Conc_an,83,81.09,48.91,58.45,53.73,38.82,49.45,48.73,3
136,Insalata,Concrete,Conc_an,85.36,86,59.45,67.64,64.91,42.55,49.73,49.91,3
136,Orgoglio,Abstract,EM,81.55,79.82,50,50.73,48.55,40.55,50.18,50.64,2
136,Pentola,Concrete,Conc_in,85.73,80.73,50.09,54.73,49.09,36.55,50,49.82,3
136,Quaderno,Concrete,Conc_in,87.45,83.27,67.27,66.45,59.73,35.73,51.45,50.82,3
136,Somma,Abstract,PSTQ,83.36,80.55,49.45,49.64,49.18,38.64,50.45,49.55,2
136,Tendenza,Abstract,PS,84.73,81.18,58.45,57.36,54.64,33.09,49.18,49.82,2